0 4
0 101
0 147
0 182
0 456
0 868
0 884
0 1155
0 1224
0 1379
0 1388
0 1398
1 140
1 289
1 1367
2 180
2 720
2 727
2 741
3 114
3 136
3 187
3 391
3 666
3 704
3 1059
3 1189
3 1442
4 22
4 51
4 73
4 101
4 128
4 147
4 182
4 196
4 203
4 219
4 250
4 252
4 274
4 288
4 289
4 297
4 336
4 394
4 404
4 454
4 538
4 643
4 648
4 673
4 824
4 841
4 868
4 986
4 1055
4 1091
4 1097
4 1155
4 1195
4 1210
4 1237
4 1286
4 1319
4 1330
4 1331
4 1348
4 1374
4 1396
4 1398
5 145
5 595
5 1043
6 318
6 372
6 539
6 823
6 868
7 56
7 84
7 290
7 327
7 354
7 368
7 586
7 598
7 642
7 1069
7 1240
7 1241
7 1337
7 1393
7 1417
8 21
8 180
8 643
8 903
8 973
8 1103
8 1220
8 1236
8 1338
9 57
9 315
9 317
9 497
9 624
9 660
9 1336
9 1406
9 1429
10 118
10 120
10 172
10 243
10 263
10 421
10 715
10 726
10 736
10 788
10 994
10 1041
10 1123
10 1252
10 1290
10 1305
10 1317
10 1361
10 1382
10 1433
11 48
11 84
11 152
11 447
11 620
11 622
11 839
11 1164
11 1173
11 1333
11 1356
11 1369
12 1259
14 140
14 249
14 250
14 394
14 506
14 580
14 603
14 693
14 828
14 830
14 831
14 861
14 1031
14 1065
14 1122
14 1195
14 1286
14 1348
15 243
15 473
15 855
15 938
15 1108
16 39
16 98
16 102
16 257
16 316
16 425
16 440
16 452
16 487
16 533
16 566
16 572
16 608
16 688
16 696
16 782
16 808
16 911
16 971
16 1039
16 1092
16 1098
16 1134
16 1171
16 1185
16 1230
16 1324
16 1332
16 1338
16 1358
16 1381
17 174
17 201
17 337
17 408
17 679
17 699
17 1124
17 1269
17 1332
17 1428
18 38
18 80
18 250
18 258
18 282
18 289
18 308
18 394
18 502
18 506
18 568
18 664
18 706
18 753
18 766
18 861
18 875
18 1063
18 1167
18 1271
18 1286
18 1319
18 1348
18 1415
19 1315
19 1398
19 1422
20 33
20 43
20 62
20 83
20 97
20 147
20 279
20 431
20 471
20 483
20 535
20 553
20 564
20 570
20 622
20 639
20 650
20 690
20 750
20 757
20 816
20 843
20 850
20 901
20 968
20 998
20 1020
20 1022
20 1025
20 1056
20 1100
20 1130
20 1141
20 1183
20 1247
20 1266
20 1303
21 8
21 180
21 643
21 903
21 973
21 1170
21 1220
21 1236
21 1338
21 1397
22 71
22 87
22 128
22 139
22 288
22 328
22 492
22 538
22 590
22 597
22 600
22 648
22 986
22 1055
22 1097
22 1195
22 1210
22 1286
22 1319
22 1348
22 1399
22 1407
23 60
23 114
23 116
23 134
23 155
23 171
23 180
23 213
23 238
23 323
23 340
23 348
23 401
23 474
23 632
23 646
23 689
23 832
23 847
23 902
23 914
23 932
23 957
23 1338
23 1376
23 1439
24 747
24 754
24 1244
25 39
25 59
25 75
25 119
25 133
25 187
25 197
25 207
25 259
25 322
25 351
25 365
25 367
25 423
25 476
25 493
25 621
25 643
25 652
25 700
25 704
25 713
25 724
25 741
25 772
25 785
25 792
25 878
25 880
25 911
25 972
25 1006
25 1070
25 1085
25 1102
25 1109
25 1120
25 1128
25 1166
25 1221
25 1245
25 1268
25 1309
25 1314
25 1323
25 1338
25 1390
26 58
26 125
26 132
26 147
26 164
26 165
26 198
26 243
26 253
26 263
26 327
26 349
26 374
26 397
26 410
26 415
26 416
26 449
26 456
26 458
26 490
26 522
26 671
26 674
26 726
26 764
26 774
26 796
26 833
26 895
26 906
26 913
26 937
26 1003
26 1068
26 1072
26 1117
26 1177
26 1186
26 1321
26 1368
26 1402
26 1414
26 1447
27 49
27 250
27 258
27 281
27 282
27 288
27 289
27 356
27 424
27 445
27 465
27 558
27 583
27 664
27 755
27 861
27 875
27 1001
27 1195
27 1286
27 1348
28 37
28 122
28 125
28 164
28 173
28 198
28 243
28 269
28 346
28 415
28 416
28 458
28 512
28 556
28 564
28 586
28 663
28 756
28 982
28 1003
28 1034
28 1117
28 1186
28 1321
28 1368
28 1414
29 109
29 499
29 1007
30 265
30 410
30 456
30 468
30 484
30 563
30 586
30 637
30 997
30 1138
30 1211
30 1307
30 1388
31 1074
32 429
32 542
32 679
32 704
32 714
32 792
32 886
32 1233
33 62
33 83
33 126
33 147
33 228
33 230
33 279
33 374
33 409
33 410
33 431
33 471
33 535
33 543
33 553
33 564
33 757
33 816
33 843
33 850
33 868
33 1010
33 1020
33 1028
33 1183
33 1303
33 1347
34 83
34 132
34 147
34 253
34 263
34 264
34 305
34 327
34 374
34 409
34 490
34 639
34 833
34 851
34 895
34 1022
34 1072
34 1176
34 1216
34 1413
34 1447
35 844
35 885
36 431
36 1152
37 46
37 125
37 173
37 198
37 243
37 269
37 346
37 349
37 397
37 416
37 490
37 508
37 549
37 556
37 564
37 586
37 791
37 982
37 1003
37 1018
37 1186
37 1217
37 1240
37 1321
37 1368
37 1402
38 80
38 250
38 282
38 289
38 394
38 506
38 568
38 664
38 677
38 753
38 755
38 777
38 861
38 1195
38 1271
38 1286
38 1348
38 1415
39 3
39 25
39 59
39 72
39 75
39 114
39 119
39 121
39 133
39 136
39 155
39 187
39 197
39 205
39 211
39 231
39 259
39 341
39 365
39 373
39 380
39 387
39 391
39 393
39 403
39 408
39 411
39 425
39 429
39 440
39 462
39 476
39 493
39 505
39 519
39 524
39 572
39 589
39 608
39 613
39 643
39 649
39 652
39 666
39 688
39 704
39 713
39 724
39 733
39 737
39 741
39 772
39 782
39 785
39 789
39 792
39 880
39 886
39 888
39 971
39 977
39 1007
39 1026
39 1040
39 1059
39 1085
39 1102
39 1103
39 1109
39 1120
39 1128
39 1157
39 1161
39 1166
39 1189
39 1225
39 1229
39 1245
39 1261
39 1267
39 1268
39 1279
39 1314
39 1316
39 1323
39 1324
39 1338
39 1371
39 1397
39 1404
39 1442
40 251
40 717
40 882
42 104
42 166
42 245
42 333
42 352
42 362
42 410
42 513
42 598
42 634
42 740
42 944
42 992
42 1086
42 1248
42 1413
42 1427
43 20
43 33
43 126
43 230
43 237
43 273
43 301
43 431
43 483
43 535
43 553
43 564
43 570
43 622
43 650
43 750
43 757
43 763
43 804
43 832
43 843
43 850
43 854
43 868
43 901
43 909
43 913
43 927
43 998
43 1010
43 1020
43 1025
43 1100
43 1130
43 1141
43 1183
43 1303
43 1310
43 1346
43 1347
43 1350
43 1373
44 81
44 123
44 153
44 209
44 234
44 241
44 332
44 399
44 518
44 587
44 635
44 678
44 743
44 805
44 856
44 917
44 965
44 1043
44 1054
44 1149
44 1199
44 1238
44 1293
44 1352
44 1366
44 1400
44 1437
45 539
45 1009
45 1191
45 1433
46 28
46 37
46 122
46 125
46 164
46 165
46 173
46 198
46 243
46 397
46 407
46 415
46 416
46 458
46 512
46 541
46 549
46 586
46 663
46 756
46 796
46 982
46 1003
46 1177
46 1186
46 1301
46 1402
46 1414
47 63
47 599
47 784
47 922
47 1041
47 1398
47 1405
48 11
48 84
49 250
49 281
49 282
49 288
49 289
49 356
49 424
49 465
49 481
49 558
49 755
49 831
49 861
49 875
49 980
49 1001
49 1195
49 1286
49 1348
50 77
50 143
50 202
50 293
50 400
50 430
51 4
51 168
51 252
51 272
51 297
51 336
51 355
51 382
51 398
51 404
51 497
51 608
51 643
51 673
51 719
51 734
51 824
51 899
51 1091
51 1133
51 1234
51 1237
51 1294
51 1360
51 1374
51 1398
52 258
52 536
52 718
52 1080
52 1242
53 69
53 111
53 128
53 250
53 258
53 289
53 597
53 697
53 861
53 986
53 1097
53 1214
54 1240
54 1291
54 1411
54 1422
55 147
55 239
55 330
55 389
55 564
55 595
55 653
55 695
55 732
55 803
55 815
55 869
55 914
55 922
55 1034
55 1093
55 1132
55 1145
55 1235
55 1285
55 1299
55 1315
55 1327
55 1328
55 1398
55 1438
56 7
56 64
56 290
56 586
56 642
56 922
56 1337
56 1417
57 315
57 497
57 624
57 660
57 1336
57 1406
57 1429
58 28
58 46
58 164
58 165
58 243
58 349
58 397
58 410
58 458
58 501
58 541
58 549
58 586
58 593
58 663
58 1003
58 1034
58 1117
58 1177
58 1186
58 1217
58 1301
58 1321
58 1402
59 25
59 65
59 119
59 259
59 365
59 367
59 423
59 476
59 493
59 621
59 712
59 724
59 782
59 785
59 792
59 878
59 972
59 979
59 1006
59 1085
59 1102
59 1120
59 1245
59 1261
59 1268
59 1314
59 1323
59 1338
59 1390
60 39
60 94
60 161
60 171
60 180
60 187
60 205
60 238
60 257
60 316
60 401
60 402
60 440
60 515
60 599
60 608
60 613
60 632
60 646
60 666
60 679
60 688
60 733
60 737
60 916
60 919
60 967
60 971
60 977
60 1021
60 1026
60 1103
60 1171
60 1189
60 1225
60 1230
60 1267
60 1274
61 1446
62 68
62 78
62 147
62 225
62 237
62 279
62 301
62 401
62 410
62 467
62 474
62 543
62 553
62 622
62 639
62 650
62 690
62 691
62 738
62 784
62 804
62 832
62 843
62 894
62 1020
62 1022
62 1052
62 1056
62 1183
62 1247
62 1346
62 1347
62 1373
63 47
63 599
63 1041
63 1398
63 1405
64 7
64 56
64 290
64 586
64 642
64 922
64 1337
64 1417
65 25
65 39
65 119
65 207
65 259
65 367
65 531
65 614
65 621
65 704
65 772
65 782
65 880
65 911
65 972
65 1085
65 1109
65 1120
65 1245
65 1314
65 1338
65 1390
66 479
66 725
66 799
66 947
67 0
67 73
67 101
67 147
67 182
67 456
67 868
67 884
67 1155
67 1379
67 1388
67 1398
68 78
68 97
68 243
68 273
68 279
68 307
68 401
68 409
68 431
68 540
68 595
68 650
68 690
68 691
68 750
68 757
68 784
68 816
68 832
68 913
68 968
68 976
68 1010
68 1056
68 1116
68 1150
68 1255
68 1266
68 1341
68 1440
69 111
69 183
69 250
69 258
69 288
69 454
69 759
69 771
69 890
69 934
69 986
69 1044
69 1097
69 1195
69 1271
69 1286
70 250
70 258
70 282
70 286
70 506
70 664
70 677
70 706
70 753
70 755
70 766
70 777
70 809
70 861
70 875
70 1063
70 1167
70 1195
70 1251
70 1286
70 1348
70 1415
71 140
71 258
71 274
71 288
71 328
71 420
71 492
71 517
71 590
71 600
71 648
71 697
71 1055
71 1210
71 1284
71 1319
72 114
72 155
72 373
72 380
72 462
72 505
72 589
72 666
72 1007
72 1279
72 1316
73 0
73 67
73 101
73 147
73 182
73 210
73 456
73 884
73 1155
73 1224
73 1379
73 1388
73 1398
74 113
74 187
74 418
74 434
74 462
74 493
74 497
74 537
74 559
74 606
74 614
74 860
74 870
74 1185
74 1249
74 1253
74 1280
74 1347
74 1430
75 186
75 195
75 244
75 299
75 322
75 357
75 406
75 500
75 546
75 577
75 628
75 643
75 652
75 666
75 696
75 713
75 729
75 767
75 775
75 782
75 857
75 880
75 887
75 939
75 978
75 1021
75 1057
75 1077
75 1079
75 1084
75 1103
75 1128
75 1166
75 1174
75 1179
75 1184
75 1233
75 1262
75 1280
75 1288
75 1313
75 1314
75 1338
75 1364
76 40
76 153
76 251
76 410
76 717
76 882
77 50
77 143
77 293
77 400
77 430
78 97
78 126
78 273
78 279
78 307
78 374
78 401
78 410
78 431
78 540
78 543
78 553
78 595
78 650
78 669
78 690
78 749
78 763
78 804
78 832
78 850
78 854
78 894
78 968
78 969
78 975
78 976
78 1056
78 1116
78 1118
78 1150
78 1183
78 1255
79 88
79 105
79 176
79 190
79 219
79 250
79 258
79 261
79 283
79 288
79 394
79 454
79 477
79 486
79 545
79 576
79 597
79 693
79 703
79 710
79 721
79 762
79 828
79 831
79 838
79 959
79 986
79 996
79 1081
79 1143
79 1195
79 1239
79 1262
79 1287
79 1372
80 27
80 49
80 250
80 258
80 282
80 289
80 356
80 424
80 445
80 465
80 502
80 558
80 561
80 568
80 583
80 664
80 753
80 755
80 777
80 809
80 831
80 861
80 875
80 980
80 1175
80 1195
80 1271
80 1286
80 1319
80 1348
81 44
81 234
81 241
81 332
81 518
81 587
81 678
81 743
81 805
81 856
81 1043
81 1054
81 1095
81 1352
81 1366
81 1400
81 1437
82 345
82 405
82 562
82 1094
83 26
83 34
83 62
83 78
83 126
83 132
83 147
83 228
83 243
83 253
83 263
83 279
83 305
83 327
83 374
83 409
83 410
83 432
83 449
83 471
83 490
83 535
83 540
83 543
83 570
83 622
83 639
83 650
83 690
83 691
83 722
83 750
83 784
83 804
83 816
83 833
83 851
83 895
83 968
83 1010
83 1022
83 1056
83 1100
83 1141
83 1176
83 1183
83 1216
83 1247
83 1347
83 1373
83 1386
83 1413
84 7
84 11
84 26
84 28
84 30
84 48
84 58
84 150
84 170
84 210
84 227
84 240
84 243
84 265
84 349
84 368
84 410
84 415
84 416
84 421
84 447
84 456
84 468
84 484
84 549
84 556
84 563
84 586
84 598
84 637
84 640
84 764
84 791
84 823
84 827
84 848
84 913
84 914
84 920
84 937
84 943
84 997
84 1003
84 1067
84 1068
84 1117
84 1123
84 1138
84 1177
84 1186
84 1241
84 1263
84 1292
84 1301
84 1307
84 1320
84 1321
84 1326
84 1337
84 1359
84 1388
84 1401
84 1402
84 1414
84 1416
85 493
85 724
85 878
85 960
85 1119
85 1120
87 4
87 22
87 88
87 128
87 139
87 140
87 196
87 203
87 219
87 256
87 258
87 274
87 283
87 288
87 289
87 321
87 328
87 361
87 394
87 477
87 538
87 560
87 573
87 597
87 641
87 828
87 830
87 831
87 841
87 956
87 981
87 1055
87 1097
87 1143
87 1195
87 1277
87 1286
87 1330
87 1348
87 1399
87 1407
87 1432
88 105
88 176
88 190
88 219
88 250
88 255
88 258
88 261
88 282
88 283
88 286
88 288
88 289
88 308
88 328
88 426
88 506
88 560
88 576
88 597
88 710
88 721
88 755
88 762
88 777
88 831
88 838
88 861
88 905
88 956
88 959
88 981
88 986
88 996
88 1111
88 1143
88 1178
88 1195
88 1239
88 1286
88 1287
88 1399
89 62
89 68
89 147
89 228
89 230
89 273
89 279
89 338
89 374
89 401
89 410
89 431
89 467
89 471
89 474
89 535
89 540
89 543
89 669
89 749
89 750
89 804
89 872
89 998
89 1010
89 1020
89 1022
89 1028
89 1052
89 1130
89 1241
89 1310
89 1341
89 1440
90 39
90 60
90 98
90 99
90 161
90 205
90 231
90 257
90 316
90 387
90 425
90 487
90 533
90 572
90 608
90 613
90 679
90 688
90 696
90 733
90 737
90 911
90 916
90 971
90 1026
90 1039
90 1171
90 1189
90 1228
90 1253
90 1324
90 1338
90 1353
90 1358
90 1381
92 22
92 71
92 139
92 162
92 217
92 250
92 254
92 258
92 394
92 420
92 422
92 466
92 517
92 600
92 648
92 668
92 830
92 1055
92 1195
92 1273
92 1277
92 1284
92 1286
92 1296
92 1330
93 135
93 770
93 774
93 1162
93 1180
94 23
94 60
94 155
94 187
94 401
94 425
94 475
94 599
94 666
94 729
94 847
94 902
94 914
94 919
94 967
94 1205
95 97
95 253
95 399
95 460
95 728
95 1282
96 227
96 657
97 62
97 78
97 95
97 130
97 216
97 229
97 253
97 307
97 342
97 374
97 399
97 401
97 409
97 410
97 416
97 431
97 432
97 447
97 467
97 471
97 474
97 480
97 585
97 588
97 595
97 622
97 639
97 645
97 650
97 690
97 750
97 763
97 784
97 810
97 816
97 829
97 832
97 854
97 872
97 922
97 940
97 968
97 976
97 999
97 1013
97 1022
97 1056
97 1087
97 1091
97 1116
97 1118
97 1137
97 1172
97 1176
97 1183
97 1241
97 1247
97 1255
97 1282
97 1301
97 1303
97 1417
98 161
98 168
98 180
98 231
98 248
98 257
98 316
98 341
98 402
98 408
98 440
98 487
98 559
98 566
98 613
98 679
98 682
98 688
98 696
98 782
98 808
98 815
98 916
98 1021
98 1026
98 1092
98 1098
98 1134
98 1223
98 1226
98 1230
98 1274
98 1308
98 1324
98 1358
98 1419
99 39
99 60
99 161
99 205
99 211
99 231
99 316
99 384
99 425
99 440
99 474
99 572
99 613
99 643
99 666
99 679
99 688
99 696
99 733
99 792
99 916
99 1026
99 1134
99 1171
99 1189
99 1253
99 1324
99 1335
99 1338
99 1353
99 1419
100 17
100 107
100 218
100 337
100 408
100 547
100 797
100 858
100 915
100 1019
100 1026
100 1124
100 1269
100 1428
100 1435
101 4
101 147
101 868
101 1155
101 1224
101 1388
102 16
102 90
102 180
102 257
102 260
102 294
102 384
102 387
102 440
102 452
102 533
102 566
102 572
102 608
102 613
102 679
102 688
102 707
102 782
102 815
102 911
102 1021
102 1026
102 1039
102 1092
102 1098
102 1171
102 1225
102 1230
102 1298
102 1332
102 1338
102 1358
103 1094
104 42
104 147
104 166
104 200
104 245
104 333
104 352
104 362
104 410
104 467
104 513
104 539
104 598
104 634
104 639
104 709
104 717
104 740
104 837
104 898
104 944
104 987
104 1004
104 1086
104 1169
104 1190
104 1248
104 1355
104 1409
104 1413
105 79
105 190
105 255
105 258
105 454
105 486
105 597
105 693
105 703
105 721
105 838
105 959
105 986
105 1081
105 1143
106 60
106 99
106 169
106 348
106 387
106 425
106 469
106 495
106 566
106 666
106 707
106 782
106 849
106 911
106 1017
106 1021
106 1103
106 1114
106 1245
106 1267
106 1335
106 1338
107 100
107 174
107 218
107 337
107 408
107 679
107 797
107 858
107 915
107 1019
107 1124
107 1269
107 1332
107 1421
107 1428
109 29
109 499
109 1007
110 312
110 685
110 1090
110 1342
111 69
111 289
111 986
111 1097
112 148
112 528
112 642
112 1344
112 1362
113 74
113 408
113 418
113 462
113 497
113 537
113 559
113 606
113 666
113 1185
113 1188
113 1249
113 1253
113 1347
113 1430
114 3
114 39
114 72
114 134
114 136
114 155
114 171
114 180
114 187
114 213
114 238
114 323
114 348
114 380
114 391
114 462
114 474
114 475
114 555
114 632
114 646
114 666
114 689
114 704
114 832
114 847
114 932
114 1007
114 1059
114 1189
114 1253
114 1357
114 1376
114 1442
115 479
115 595
115 774
115 922
115 938
116 23
116 243
116 368
116 506
116 834
116 854
116 957
116 1016
116 1439
117 199
117 1053
118 172
118 192
118 221
118 263
118 287
118 715
118 736
118 779
118 788
118 798
118 994
118 1041
118 1290
118 1305
118 1361
118 1398
119 25
119 39
119 59
119 65
119 180
119 187
119 197
119 207
119 244
119 259
119 322
119 365
119 423
119 493
119 614
119 621
119 643
119 652
119 700
119 704
119 713
119 724
119 741
119 767
119 782
119 785
119 792
119 878
119 880
119 911
119 972
119 1085
119 1102
119 1109
119 1120
119 1128
119 1157
119 1166
119 1245
119 1261
119 1268
119 1309
119 1314
119 1323
119 1338
119 1390
120 10
120 118
120 172
120 263
120 421
120 715
120 726
120 736
120 779
120 788
120 798
120 1041
120 1123
120 1290
120 1305
120 1317
120 1361
120 1382
121 98
121 211
121 231
121 244
121 257
121 294
121 316
121 341
121 402
121 408
121 425
121 487
121 495
121 511
121 533
121 566
121 572
121 666
121 675
121 679
121 688
121 696
121 744
121 775
121 782
121 808
121 815
121 961
121 1021
121 1066
121 1084
121 1092
121 1098
121 1134
121 1189
121 1230
121 1274
121 1308
121 1324
121 1353
121 1358
122 28
122 37
122 125
122 198
122 243
122 269
122 346
122 407
122 416
122 501
122 564
122 586
122 764
122 958
122 982
122 1003
122 1034
122 1186
122 1217
122 1301
122 1321
122 1368
122 1402
123 44
123 81
123 145
123 156
123 184
123 234
123 241
123 332
123 413
123 518
123 587
123 678
123 740
123 805
123 856
123 917
123 965
123 1054
123 1095
123 1149
123 1199
123 1293
123 1352
123 1366
123 1400
123 1437
124 129
124 904
124 1163
124 1209
125 37
125 173
125 198
125 243
125 269
125 311
125 346
125 416
125 549
125 556
125 593
125 774
125 958
125 1003
125 1186
125 1321
125 1368
125 1401
125 1402
126 20
126 89
126 97
126 147
126 243
126 279
126 301
126 410
126 431
126 432
126 471
126 535
126 552
126 553
126 622
126 639
126 690
126 722
126 738
126 749
126 763
126 784
126 843
126 868
126 894
126 913
126 925
126 968
126 976
126 1022
126 1056
126 1130
126 1141
126 1150
126 1183
126 1241
126 1247
126 1266
126 1303
126 1347
127 79
127 87
127 88
127 105
127 176
127 190
127 196
127 219
127 255
127 256
127 258
127 283
127 284
127 288
127 321
127 426
127 477
127 486
127 545
127 560
127 573
127 576
127 597
127 721
127 762
127 828
127 831
127 838
127 892
127 930
127 959
127 962
127 981
127 986
127 996
127 1097
127 1143
127 1195
127 1239
127 1262
127 1287
127 1296
127 1372
128 22
128 53
128 69
128 111
128 140
128 196
128 203
128 219
128 250
128 258
128 288
128 289
128 321
128 517
128 538
128 590
128 597
128 600
128 648
128 830
128 861
128 986
128 1055
128 1097
128 1195
128 1210
128 1284
128 1286
128 1319
128 1330
128 1348
128 1399
128 1432
129 124
129 904
129 922
129 1163
129 1209
130 97
130 342
130 416
130 504
130 595
130 639
130 726
130 774
130 810
130 922
130 966
130 1091
131 448
131 966
132 26
132 147
132 253
132 263
132 264
132 305
132 327
132 374
132 409
132 449
132 456
132 490
132 522
132 674
132 726
132 895
132 1072
132 1176
132 1447
133 25
133 65
133 119
133 180
133 187
133 259
133 322
133 365
133 476
133 531
133 713
133 878
133 880
133 972
133 1006
133 1085
133 1166
133 1245
133 1309
133 1338
134 155
134 171
134 180
134 187
134 213
134 238
134 348
134 474
134 515
134 632
134 646
134 666
134 832
134 847
134 914
134 932
134 1253
134 1338
134 1353
134 1357
135 93
135 245
135 459
135 479
135 616
135 770
135 774
135 791
135 922
135 1113
135 1162
135 1180
135 1370
136 3
136 39
136 114
136 187
136 193
136 391
136 457
136 485
136 666
136 704
136 1029
136 1059
136 1189
136 1323
136 1377
136 1442
137 131
137 448
137 966
138 219
138 986
138 1204
139 140
139 162
139 217
139 258
139 328
139 361
139 590
140 139
140 162
140 183
140 217
140 219
140 235
140 249
140 250
140 274
140 286
140 289
140 361
140 394
140 422
140 442
140 492
140 506
140 517
140 580
140 590
140 597
140 648
140 668
140 693
140 697
140 828
140 831
140 861
140 962
140 986
140 1055
140 1065
140 1073
140 1083
140 1122
140 1195
140 1210
140 1214
140 1286
140 1296
140 1345
140 1348
140 1367
140 1399
141 142
141 187
141 259
141 267
141 569
141 724
141 782
141 816
141 878
141 884
141 951
141 973
141 1070
141 1127
141 1182
141 1342
141 1381
141 1421
142 141
142 169
142 569
142 782
142 880
142 884
142 1070
142 1127
142 1182
142 1342
142 1381
143 50
143 293
145 5
145 44
145 123
145 156
145 209
145 241
145 399
145 413
145 595
145 678
145 740
145 805
145 856
145 917
145 965
145 993
145 1043
145 1095
145 1149
145 1199
145 1293
145 1352
145 1366
145 1400
145 1437
146 643
146 658
146 1048
147 0
147 4
147 20
147 26
147 34
147 42
147 55
147 62
147 67
147 68
147 73
147 83
147 89
147 97
147 101
147 104
147 132
147 182
147 200
147 210
147 225
147 239
147 243
147 245
147 253
147 263
147 264
147 273
147 279
147 301
147 305
147 327
147 330
147 333
147 343
147 352
147 362
147 374
147 389
147 401
147 409
147 410
147 431
147 432
147 449
147 456
147 467
147 471
147 474
147 490
147 522
147 543
147 552
147 553
147 564
147 598
147 622
147 634
147 639
147 650
147 653
147 670
147 674
147 690
147 695
147 709
147 717
147 722
147 740
147 749
147 784
147 803
147 804
147 815
147 816
147 832
147 833
147 837
147 850
147 851
147 868
147 869
147 872
147 884
147 894
147 895
147 906
147 909
147 914
147 925
147 927
147 968
147 969
147 975
147 987
147 992
147 1004
147 1020
147 1022
147 1028
147 1034
147 1036
147 1072
147 1093
147 1100
147 1116
147 1118
147 1141
147 1150
147 1155
147 1176
147 1183
147 1190
147 1193
147 1216
147 1224
147 1235
147 1241
147 1247
147 1248
147 1255
147 1266
147 1285
147 1306
147 1310
147 1328
147 1346
147 1355
147 1379
147 1386
147 1388
147 1398
147 1413
147 1427
147 1440
147 1447
148 112
148 447
148 528
148 642
148 726
148 1344
148 1362
149 69
149 183
149 261
149 328
149 498
149 506
149 507
149 615
149 771
149 955
149 1044
149 1049
149 1195
149 1271
149 1385
150 84
150 210
150 823
150 848
150 1320
150 1337
150 1388
151 350
151 546
151 816
151 1375
151 1408
152 11
152 622
152 1333
153 61
153 76
153 234
153 241
153 310
153 315
153 317
153 399
153 543
153 551
153 630
153 635
153 726
153 745
153 811
153 813
153 1043
153 1066
153 1101
153 1140
153 1238
153 1361
153 1400
153 1437
153 1446
154 735
154 776
154 896
155 39
155 60
155 72
155 114
155 134
155 171
155 180
155 187
155 213
155 222
155 238
155 246
155 348
155 380
155 401
155 462
155 474
155 475
155 505
155 515
155 527
155 555
155 599
155 632
155 646
155 666
155 689
155 817
155 832
155 847
155 902
155 907
155 914
155 919
155 932
155 967
155 1007
155 1038
155 1253
155 1353
155 1357
155 1376
156 123
156 145
156 413
156 740
157 188
157 931
157 1202
158 339
158 986
159 160
160 159
161 39
161 106
161 177
161 185
161 231
161 408
161 425
161 440
161 572
161 613
161 666
161 679
161 733
161 744
161 780
161 815
161 886
161 911
161 916
161 971
161 1029
161 1103
161 1189
161 1223
161 1267
161 1324
161 1332
161 1338
161 1358
162 4
162 22
162 87
162 139
162 140
162 196
162 203
162 217
162 250
162 258
162 288
162 361
162 394
162 420
162 426
162 454
162 492
162 517
162 538
162 590
162 597
162 600
162 697
162 830
162 986
162 1055
162 1097
162 1106
162 1195
162 1210
162 1273
162 1277
162 1284
162 1286
162 1296
162 1319
162 1330
162 1331
162 1348
162 1399
162 1407
162 1432
163 496
164 28
164 37
164 46
164 122
164 125
164 243
164 269
164 334
164 349
164 397
164 415
164 458
164 541
164 549
164 556
164 564
164 586
164 663
164 774
164 913
164 958
164 982
164 1003
164 1117
164 1177
164 1217
164 1301
164 1321
164 1402
165 28
165 37
165 46
165 58
165 97
165 164
165 173
165 216
165 229
165 243
165 269
165 342
165 349
165 397
165 410
165 415
165 458
165 480
165 512
165 541
165 549
165 564
165 586
165 662
165 663
165 756
165 764
165 774
165 791
165 836
165 940
165 950
165 982
165 999
165 1117
165 1137
165 1139
165 1177
165 1186
165 1301
165 1321
165 1351
165 1402
165 1414
166 42
166 147
166 200
166 598
166 634
166 709
166 717
166 837
166 987
166 1248
166 1413
166 1427
167 521
167 853
167 1334
168 4
168 16
168 74
168 113
168 181
168 185
168 201
168 214
168 231
168 233
168 248
168 252
168 257
168 294
168 297
168 300
168 316
168 341
168 347
168 387
168 404
168 408
168 418
168 425
168 462
168 497
168 511
168 533
168 537
168 559
168 606
168 608
168 613
168 643
168 666
168 688
168 707
168 729
168 734
168 782
168 792
168 801
168 808
168 911
168 1021
168 1026
168 1039
168 1066
168 1084
168 1092
168 1134
168 1171
168 1228
168 1249
168 1253
168 1280
168 1298
168 1347
168 1430
168 1434
169 106
169 141
169 142
169 185
169 259
169 267
169 348
169 469
169 569
169 592
169 666
169 782
169 849
169 884
169 1017
169 1070
169 1084
169 1114
169 1120
169 1127
169 1182
169 1245
169 1322
169 1342
169 1381
170 84
170 240
170 265
170 410
170 468
170 484
170 563
170 586
170 640
170 914
170 943
170 997
170 1123
170 1138
170 1211
170 1320
170 1326
170 1388
171 60
171 94
171 187
171 213
171 238
171 429
171 474
171 503
171 555
171 572
171 599
171 632
171 646
171 666
171 816
171 832
171 862
171 886
171 902
171 911
171 919
171 1084
171 1189
171 1260
171 1312
171 1338
171 1353
172 10
172 118
172 192
172 221
172 263
172 287
172 736
172 779
172 788
172 994
172 1123
172 1290
172 1305
172 1361
172 1398
173 26
173 125
173 165
173 198
173 243
173 269
173 311
173 346
173 349
173 397
173 410
173 415
173 512
173 549
173 937
173 958
173 1003
173 1034
173 1067
173 1186
173 1217
173 1321
173 1368
173 1401
173 1402
173 1414
174 17
174 107
174 201
174 337
174 547
174 699
174 1269
174 1332
176 79
176 190
176 196
176 250
176 283
176 284
176 394
176 477
176 486
176 545
176 576
176 703
176 710
176 762
176 828
176 831
176 838
176 892
176 930
176 959
176 962
176 981
176 996
176 1143
176 1195
176 1287
176 1367
177 161
177 534
177 643
177 724
177 780
177 886
177 1029
178 437
178 650
178 701
178 717
178 829
178 990
178 1099
178 1444
179 258
179 481
179 828
179 845
180 2
180 8
180 16
180 23
180 25
180 60
180 65
180 106
180 119
180 133
180 134
180 155
180 181
180 187
180 201
180 207
180 213
180 238
180 244
180 257
180 259
180 294
180 295
180 316
180 322
180 323
180 348
180 425
180 474
180 533
180 555
180 572
180 608
180 613
180 614
180 632
180 643
180 646
180 666
180 689
180 711
180 720
180 724
180 727
180 733
180 772
180 782
180 815
180 832
180 903
180 911
180 914
180 916
180 932
180 973
180 1084
180 1085
180 1098
180 1103
180 1109
180 1120
180 1166
180 1220
180 1221
180 1230
180 1236
180 1245
180 1246
180 1267
180 1324
180 1335
180 1338
180 1342
180 1353
180 1357
181 90
181 180
181 231
181 242
181 257
181 260
181 316
181 341
181 347
181 384
181 474
181 485
181 487
181 495
181 533
181 566
181 572
181 613
181 661
181 688
181 733
181 775
181 782
181 808
181 815
181 911
181 921
181 971
181 1026
181 1039
181 1098
181 1223
181 1225
181 1228
181 1230
181 1274
181 1324
181 1335
181 1338
181 1353
181 1358
181 1426
182 0
182 4
182 67
182 101
182 147
182 210
182 868
182 884
182 1155
182 1224
182 1379
182 1398
183 149
183 224
183 235
183 249
183 250
183 261
183 274
183 286
183 289
183 328
183 394
183 498
183 506
183 507
183 648
183 828
183 831
183 861
183 962
183 985
183 1044
183 1049
183 1065
183 1083
183 1214
183 1271
183 1286
183 1319
183 1348
183 1385
184 44
184 81
184 241
184 332
184 399
184 518
184 635
184 678
184 743
184 856
184 917
184 1043
184 1095
184 1149
184 1199
184 1293
184 1366
184 1400
184 1437
185 90
185 102
185 141
185 142
185 161
185 169
185 211
185 231
185 257
185 259
185 267
185 316
185 384
185 425
185 495
185 519
185 559
185 566
185 569
185 592
185 643
185 666
185 729
185 737
185 782
185 808
185 815
185 880
185 884
185 911
185 1021
185 1026
185 1070
185 1092
185 1103
185 1127
185 1182
185 1185
185 1215
185 1225
185 1253
185 1308
185 1322
185 1342
185 1358
185 1381
185 1419
186 75
186 195
186 357
186 406
186 500
186 525
186 546
186 577
186 729
186 782
186 897
186 939
186 978
186 1021
186 1103
186 1174
186 1233
186 1270
186 1288
186 1325
186 1364
186 1392
187 3
187 23
187 25
187 39
187 60
187 74
187 75
187 94
187 114
187 136
187 141
187 155
187 180
187 207
187 218
187 238
187 322
187 323
187 367
187 401
187 434
187 474
187 515
187 527
187 546
187 599
187 621
187 643
187 646
187 666
187 700
187 704
187 724
187 772
187 816
187 860
187 878
187 880
187 902
187 919
187 967
187 973
187 1040
187 1085
187 1120
187 1128
187 1157
187 1189
187 1245
187 1314
187 1323
187 1421
188 157
188 931
188 1202
190 79
190 105
190 127
190 176
190 219
190 250
190 255
190 258
190 261
190 283
190 288
190 394
190 426
190 454
190 477
190 486
190 545
190 576
190 597
190 693
190 721
190 828
190 831
190 838
190 959
190 981
190 986
190 996
190 1081
190 1143
190 1195
190 1239
190 1262
190 1287
190 1367
191 171
191 572
191 760
191 911
191 1061
191 1189
191 1260
192 221
192 263
192 287
192 736
192 994
192 1290
192 1305
192 1317
192 1361
193 136
193 457
193 485
193 1377
194 455
194 496
194 1283
194 1420
195 75
195 186
195 299
195 406
195 577
195 696
195 775
195 782
195 857
195 887
195 897
195 939
195 1021
195 1077
195 1084
195 1184
195 1233
195 1262
195 1313
195 1325
195 1338
195 1392
196 128
196 140
196 176
196 203
196 219
196 283
196 284
196 288
196 289
196 454
196 477
196 538
196 648
196 828
196 831
196 838
196 892
196 930
196 959
196 962
196 981
196 986
196 1055
196 1097
196 1195
196 1284
196 1286
196 1296
196 1319
196 1330
196 1348
196 1399
196 1432
197 25
197 59
197 75
197 133
197 180
197 244
197 476
197 531
197 614
197 621
197 666
197 713
197 767
197 792
197 880
197 972
197 1006
197 1085
197 1102
197 1120
197 1221
197 1309
197 1314
197 1323
198 26
198 28
198 125
198 165
198 243
198 269
198 311
198 346
198 349
198 416
198 549
198 556
198 756
198 774
198 958
198 982
198 1003
198 1034
198 1186
198 1217
198 1368
198 1401
198 1402
199 117
199 1053
200 42
200 104
200 147
200 166
200 245
200 333
200 352
200 362
200 410
200 467
200 513
200 598
200 634
200 639
200 709
200 717
200 740
200 837
200 944
200 987
200 1004
200 1190
200 1248
200 1355
200 1409
200 1413
200 1427
201 17
201 39
201 99
201 100
201 106
201 180
201 218
201 244
201 257
201 263
201 294
201 316
201 337
201 366
201 425
201 443
201 487
201 533
201 572
201 608
201 679
201 682
201 699
201 733
201 737
201 815
201 823
201 911
201 952
201 971
201 1026
201 1098
201 1103
201 1132
201 1223
201 1256
201 1307
201 1308
201 1320
201 1327
201 1332
201 1335
201 1338
201 1343
201 1381
202 50
202 400
202 1380
203 22
203 53
203 71
203 87
203 111
203 128
203 196
203 219
203 250
203 258
203 288
203 289
203 538
203 597
203 600
203 697
203 841
203 861
203 934
203 986
203 1055
203 1097
203 1210
203 1286
203 1348
203 1399
205 39
205 60
205 99
205 102
205 180
205 260
205 347
205 387
205 402
205 425
205 440
205 487
205 533
205 572
205 613
205 666
205 679
205 688
205 744
205 789
205 808
205 888
205 911
205 916
205 971
205 977
205 1021
205 1026
205 1098
205 1171
205 1189
205 1267
205 1324
205 1335
205 1338
205 1358
205 1381
206 456
206 723
206 1289
207 25
207 65
207 187
207 218
207 322
207 367
207 546
207 614
207 621
207 652
207 700
207 772
207 782
207 878
207 911
207 1006
207 1120
207 1128
207 1245
207 1314
207 1338
208 271
208 1032
208 1099
209 123
209 184
209 332
209 518
209 587
209 805
209 856
209 917
209 965
209 1054
209 1095
209 1149
209 1293
209 1352
209 1366
209 1400
209 1437
210 0
210 4
210 67
210 73
210 84
210 101
210 147
210 150
210 182
210 240
210 421
210 456
210 468
210 484
210 563
210 586
210 640
210 784
210 823
210 827
210 848
210 868
210 884
210 914
210 920
210 1123
210 1138
210 1155
210 1224
210 1263
210 1292
210 1320
210 1326
210 1337
210 1359
210 1379
210 1388
210 1416
211 90
211 98
211 121
211 185
211 231
211 257
211 387
211 474
211 487
211 495
211 533
211 559
211 566
211 613
211 643
211 666
211 729
211 733
211 737
211 815
211 971
211 1026
211 1092
211 1171
211 1185
211 1225
211 1226
211 1230
211 1253
211 1298
211 1308
211 1324
211 1419
212 250
212 258
212 281
212 289
212 394
212 590
212 742
212 812
212 861
212 893
212 963
212 984
212 1097
212 1441
213 60
213 94
213 134
213 155
213 171
213 180
213 238
213 323
213 348
213 474
213 515
213 555
213 632
213 646
213 689
213 817
213 847
213 902
213 932
213 1253
213 1338
213 1353
213 1357
214 74
214 113
214 168
214 262
214 300
214 462
214 497
214 537
214 559
214 606
214 1249
214 1253
214 1280
214 1430
214 1434
215 665
215 773
215 1024
215 1240
216 97
216 229
216 270
216 342
216 395
216 480
216 602
216 662
216 791
216 794
216 866
216 923
216 940
216 945
216 950
216 953
216 954
216 999
216 1023
216 1042
216 1062
216 1099
216 1110
216 1137
216 1139
216 1301
216 1351
216 1437
217 22
217 71
217 87
217 92
217 139
217 162
217 203
217 219
217 250
217 254
217 258
217 274
217 288
217 289
217 321
217 394
217 420
217 422
217 426
217 454
217 466
217 517
217 538
217 590
217 597
217 641
217 648
217 668
217 697
217 830
217 841
217 1055
217 1106
217 1195
217 1210
217 1273
217 1277
217 1284
217 1286
217 1296
217 1330
217 1331
217 1348
217 1407
217 1432
218 17
218 25
218 75
218 100
218 174
218 187
218 201
218 207
218 365
218 408
218 546
218 621
218 643
218 652
218 666
218 679
218 700
218 772
218 858
218 880
218 915
218 1019
218 1124
218 1128
218 1269
218 1309
218 1314
218 1332
218 1421
218 1428
219 22
219 71
219 87
219 88
219 127
219 128
219 138
219 139
219 140
219 176
219 190
219 196
219 203
219 250
219 255
219 258
219 261
219 283
219 286
219 288
219 289
219 321
219 328
219 361
219 394
219 420
219 442
219 477
219 486
219 492
219 538
219 573
219 576
219 600
219 762
219 828
219 830
219 831
219 841
219 905
219 956
219 959
219 981
219 986
219 996
219 1055
219 1097
219 1143
219 1195
219 1239
219 1262
219 1284
219 1286
219 1287
219 1348
219 1367
219 1399
220 456
220 1036
221 10
221 192
221 287
221 400
221 687
221 736
221 765
221 798
221 994
221 1067
221 1290
221 1305
221 1361
221 1380
222 23
222 114
222 155
222 171
222 246
222 323
222 340
222 348
222 401
222 475
222 527
222 646
222 688
222 689
222 817
222 832
222 847
222 914
222 1038
222 1376
223 250
223 258
223 289
223 358
223 419
223 442
223 597
223 1297
223 1300
224 69
224 149
224 250
224 261
224 498
224 507
224 615
224 890
224 955
224 1049
224 1195
224 1214
224 1271
224 1319
224 1385
225 33
225 43
225 68
225 89
225 237
225 243
225 338
225 409
225 431
225 471
225 543
225 553
225 595
225 627
225 650
225 738
225 749
225 750
225 816
225 832
225 872
225 913
225 925
225 968
225 998
225 1022
225 1052
225 1056
225 1130
225 1183
225 1241
225 1350
226 368
226 456
226 1211
227 84
227 96
227 368
227 396
227 447
227 523
227 535
227 564
227 598
227 657
227 913
227 1002
227 1008
227 1198
227 1216
227 1219
227 1446
228 20
228 68
228 78
228 89
228 279
228 307
228 338
228 374
228 431
228 471
228 535
228 543
228 553
228 670
228 749
228 750
228 763
228 804
228 816
228 909
228 969
228 975
228 1010
228 1020
228 1036
228 1052
228 1056
228 1100
228 1130
228 1150
228 1266
228 1310
228 1341
228 1347
228 1386
229 97
229 216
229 239
229 270
229 395
229 480
229 526
229 602
229 662
229 791
229 794
229 836
229 866
229 940
229 945
229 950
229 953
229 954
229 999
229 1013
229 1023
229 1062
229 1099
229 1110
229 1137
229 1139
229 1301
229 1351
229 1437
230 20
230 33
230 83
230 97
230 112
230 147
230 148
230 243
230 338
230 410
230 431
230 447
230 471
230 535
230 543
230 553
230 564
230 595
230 642
230 670
230 690
230 726
230 816
230 850
230 854
230 868
230 928
230 998
230 1020
230 1022
230 1025
230 1052
230 1130
230 1141
230 1150
230 1183
230 1241
230 1247
230 1255
230 1266
230 1303
230 1344
230 1347
230 1362
231 16
231 60
231 90
231 99
231 102
231 121
231 161
231 168
231 180
231 181
231 185
231 201
231 205
231 248
231 257
231 294
231 341
231 347
231 384
231 402
231 425
231 440
231 474
231 495
231 533
231 559
231 566
231 572
231 608
231 613
231 661
231 666
231 679
231 682
231 688
231 707
231 737
231 792
231 808
231 815
231 911
231 916
231 971
231 977
231 1026
231 1092
231 1098
231 1171
231 1189
231 1223
231 1225
231 1228
231 1230
231 1298
231 1308
231 1324
231 1335
231 1353
231 1358
231 1381
231 1419
232 383
233 74
233 168
233 408
233 418
233 462
233 493
233 497
233 537
233 614
233 666
233 1185
233 1188
233 1249
234 153
234 184
234 399
234 518
234 587
234 635
234 678
234 743
234 856
234 1095
234 1238
234 1293
235 183
235 249
235 286
235 289
235 394
235 648
235 962
235 985
235 1065
235 1083
235 1214
235 1286
235 1348
236 1101
237 89
237 97
237 228
237 243
237 301
237 374
237 401
237 535
237 543
237 552
237 595
237 627
237 650
237 669
237 670
237 690
237 750
237 804
237 816
237 872
237 927
237 928
237 1022
237 1028
237 1036
237 1052
237 1056
237 1130
237 1183
237 1241
237 1255
237 1303
237 1341
237 1346
238 94
238 171
238 180
238 187
238 401
238 425
238 515
238 555
238 646
238 666
238 688
238 902
238 919
238 967
238 1338
238 1353
239 55
239 147
239 216
239 229
239 251
239 330
239 343
239 389
239 410
239 433
239 480
239 564
239 571
239 653
239 695
239 791
239 803
239 820
239 866
239 869
239 914
239 923
239 940
239 950
239 953
239 954
239 999
239 1034
239 1042
239 1093
239 1094
239 1099
239 1110
239 1193
239 1235
239 1285
239 1437
240 84
240 170
240 410
240 421
240 447
240 468
240 484
240 563
240 586
240 637
240 640
240 914
240 920
240 943
240 1138
240 1263
240 1292
240 1320
240 1326
240 1416
241 44
241 81
241 184
241 209
241 234
241 332
241 518
241 587
241 635
241 678
241 856
241 1043
241 1054
241 1095
241 1149
241 1199
241 1238
241 1366
241 1400
241 1437
242 485
242 1426
243 10
243 15
243 26
243 33
243 46
243 58
243 78
243 89
243 116
243 126
243 147
243 164
243 165
243 173
243 198
243 225
243 228
243 230
243 237
243 251
243 292
243 307
243 311
243 346
243 349
243 374
243 410
243 415
243 431
243 471
243 473
243 483
243 501
243 535
243 541
243 549
243 556
243 564
243 570
243 586
243 595
243 622
243 627
243 639
243 650
243 663
243 669
243 670
243 671
243 749
243 750
243 756
243 764
243 779
243 784
243 791
243 796
243 804
243 816
243 832
243 834
243 854
243 855
243 872
243 901
243 913
243 922
243 927
243 928
243 938
243 958
243 968
243 975
243 982
243 986
243 1003
243 1016
243 1022
243 1028
243 1034
243 1036
243 1052
243 1056
243 1108
243 1117
243 1130
243 1177
243 1183
243 1186
243 1217
243 1241
243 1301
243 1310
243 1341
243 1347
243 1368
243 1386
243 1401
243 1402
243 1414
244 59
244 65
244 75
244 119
244 201
244 259
244 280
244 341
244 354
244 365
244 366
244 367
244 423
244 429
244 443
244 569
244 614
244 621
244 643
244 679
244 688
244 704
244 782
244 808
244 823
244 878
244 880
244 902
244 911
244 941
244 952
244 1082
244 1084
244 1085
244 1102
244 1109
244 1120
244 1166
244 1221
244 1245
244 1256
244 1307
244 1309
244 1320
244 1327
244 1338
244 1343
244 1390
245 104
245 135
245 147
245 166
245 200
245 352
245 459
245 598
245 616
245 709
245 717
245 791
245 837
245 987
245 1113
245 1248
245 1355
245 1370
246 23
246 155
246 180
246 222
246 238
246 323
246 340
246 348
246 475
246 527
246 555
246 646
246 666
246 688
246 817
246 832
246 914
246 919
246 1338
246 1357
246 1376
248 16
248 60
248 102
248 201
248 257
248 294
248 341
248 425
248 452
248 487
248 533
248 566
248 572
248 608
248 613
248 688
248 707
248 729
248 782
248 815
248 911
248 977
248 1021
248 1039
248 1084
248 1103
248 1189
248 1228
248 1230
248 1253
248 1308
248 1332
248 1338
248 1353
248 1381
248 1419
249 140
249 183
249 235
249 250
249 274
249 286
249 289
249 394
249 481
249 498
249 506
249 580
249 648
249 693
249 828
249 830
249 831
249 861
249 962
249 985
249 1031
249 1065
249 1083
249 1122
249 1195
249 1214
249 1286
249 1348
250 4
250 14
250 18
250 27
250 38
250 49
250 53
250 69
250 70
250 80
250 87
250 105
250 111
250 128
250 140
250 149
250 162
250 183
250 190
250 203
250 212
250 217
250 223
250 224
250 235
250 249
250 258
250 261
250 266
250 274
250 281
250 282
250 283
250 286
250 288
250 289
250 308
250 321
250 328
250 353
250 356
250 358
250 394
250 419
250 420
250 422
250 424
250 426
250 442
250 445
250 454
250 464
250 465
250 466
250 481
250 488
250 498
250 502
250 506
250 507
250 538
250 545
250 548
250 558
250 561
250 580
250 583
250 597
250 600
250 603
250 615
250 641
250 648
250 651
250 664
250 677
250 693
250 697
250 703
250 706
250 721
250 731
250 742
250 753
250 755
250 762
250 766
250 771
250 777
250 809
250 828
250 830
250 831
250 838
250 841
250 861
250 875
250 893
250 908
250 934
250 955
250 959
250 962
250 963
250 964
250 980
250 981
250 985
250 986
250 996
250 1001
250 1031
250 1044
250 1049
250 1055
250 1063
250 1065
250 1083
250 1097
250 1106
250 1122
250 1143
250 1167
250 1175
250 1195
250 1214
250 1251
250 1271
250 1273
250 1284
250 1286
250 1287
250 1296
250 1297
250 1300
250 1319
250 1330
250 1331
250 1348
250 1367
250 1385
250 1407
250 1415
250 1432
250 1441
251 15
251 40
251 243
251 473
251 571
251 717
251 855
251 882
251 938
251 1094
251 1108
252 51
252 168
252 297
252 404
252 643
252 673
252 734
252 1091
252 1234
252 1237
252 1396
252 1398
253 26
253 83
253 97
253 132
253 147
253 263
253 264
253 305
253 327
253 374
253 399
253 449
253 456
253 460
253 490
253 522
253 639
253 674
253 726
253 895
253 906
253 1072
253 1216
253 1282
253 1447
254 92
254 162
254 217
254 250
254 258
254 394
254 420
254 422
254 426
254 492
254 590
254 641
254 668
254 830
254 1055
254 1106
254 1195
254 1273
254 1277
254 1286
254 1296
254 1319
254 1330
254 1331
255 79
255 88
255 176
255 190
255 219
255 250
255 261
255 288
255 486
255 576
255 703
255 710
255 831
255 838
255 981
255 1262
255 1287
256 87
256 88
256 127
256 283
256 321
256 477
256 560
256 573
256 762
256 828
256 831
256 956
256 959
256 981
256 1097
257 16
257 60
257 90
257 102
257 106
257 180
257 181
257 185
257 231
257 294
257 341
257 387
257 452
257 474
257 487
257 495
257 511
257 533
257 559
257 566
257 572
257 608
257 643
257 661
257 666
257 679
257 737
257 782
257 808
257 815
257 911
257 916
257 971
257 1021
257 1039
257 1098
257 1185
257 1189
257 1223
257 1225
257 1226
257 1228
257 1230
257 1253
257 1274
257 1298
257 1332
257 1335
257 1338
257 1353
257 1358
257 1419
258 4
258 14
258 18
258 22
258 27
258 38
258 49
258 52
258 53
258 69
258 70
258 79
258 80
258 87
258 88
258 105
258 111
258 127
258 128
258 140
258 162
258 176
258 179
258 183
258 190
258 196
258 203
258 212
258 217
258 219
258 223
258 235
258 249
258 250
258 255
258 261
258 266
258 274
258 281
258 282
258 286
258 288
258 289
258 308
258 321
258 328
258 353
258 356
258 361
258 394
258 419
258 420
258 422
258 424
258 426
258 442
258 445
258 454
258 461
258 464
258 465
258 466
258 477
258 481
258 486
258 488
258 492
258 498
258 502
258 506
258 507
258 536
258 548
258 558
258 561
258 568
258 576
258 583
258 590
258 597
258 610
258 641
258 648
258 655
258 664
258 668
258 677
258 693
258 697
258 703
258 706
258 718
258 721
258 742
258 753
258 755
258 762
258 766
258 771
258 777
258 809
258 812
258 828
258 830
258 831
258 838
258 841
258 845
258 861
258 875
258 890
258 924
258 959
258 980
258 981
258 986
258 995
258 1001
258 1011
258 1012
258 1031
258 1049
258 1055
258 1063
258 1073
258 1080
258 1081
258 1097
258 1106
258 1131
258 1143
258 1167
258 1175
258 1178
258 1195
258 1203
258 1214
258 1239
258 1242
258 1251
258 1262
258 1271
258 1273
258 1276
258 1277
258 1286
258 1287
258 1296
258 1297
258 1300
258 1319
258 1330
258 1331
258 1348
258 1367
258 1372
258 1399
258 1407
258 1415
258 1432
259 25
259 59
259 65
259 119
259 133
259 141
259 142
259 169
259 180
259 185
259 187
259 207
259 218
259 244
259 267
259 322
259 365
259 367
259 398
259 476
259 493
259 531
259 546
259 569
259 592
259 614
259 646
259 652
259 666
259 667
259 704
259 713
259 724
259 741
259 767
259 772
259 780
259 782
259 785
259 792
259 878
259 880
259 884
259 886
259 1006
259 1070
259 1085
259 1109
259 1120
259 1127
259 1157
259 1166
259 1182
259 1208
259 1215
259 1221
259 1245
259 1261
259 1268
259 1309
259 1322
259 1323
259 1338
259 1342
259 1381
260 16
260 102
260 161
260 180
260 248
260 257
260 316
260 341
260 384
260 402
260 452
260 559
260 566
260 572
260 661
260 682
260 688
260 782
260 815
260 911
260 1039
260 1098
260 1171
260 1225
260 1230
260 1274
260 1308
260 1332
260 1338
260 1358
261 69
261 79
261 88
261 127
261 149
261 176
261 183
261 190
261 250
261 255
261 258
261 283
261 289
261 328
261 394
261 426
261 486
261 498
261 506
261 507
261 545
261 576
261 597
261 703
261 710
261 828
261 831
261 955
261 959
261 981
261 1044
261 1049
261 1143
261 1195
261 1271
261 1287
261 1367
261 1385
262 74
262 113
262 168
262 214
262 300
262 418
262 462
262 497
262 537
262 606
262 801
262 1084
262 1249
262 1280
262 1430
262 1434
263 10
263 26
263 34
263 83
263 118
263 120
263 132
263 147
263 172
263 192
263 201
263 221
263 244
263 253
263 264
263 287
263 305
263 327
263 366
263 374
263 409
263 421
263 443
263 449
263 456
263 490
263 522
263 626
263 639
263 674
263 715
263 726
263 736
263 779
263 788
263 823
263 833
263 851
263 895
263 906
263 952
263 1022
263 1041
263 1072
263 1176
263 1216
263 1240
263 1252
263 1290
263 1305
263 1307
263 1317
263 1320
263 1327
263 1343
263 1361
263 1382
263 1398
263 1413
263 1422
263 1433
263 1447
264 253
264 263
264 305
264 374
264 449
264 490
264 674
264 906
264 1022
264 1072
265 410
265 637
265 1211
265 1326
266 70
266 250
266 258
266 286
266 308
266 394
266 506
266 677
266 706
266 753
266 755
266 766
266 861
266 875
266 1167
266 1195
266 1251
266 1271
266 1286
266 1348
267 141
267 142
267 169
267 185
267 259
267 592
267 724
267 782
267 880
267 884
267 1070
267 1127
267 1215
267 1342
269 125
269 173
269 198
269 243
269 346
269 501
269 512
269 549
269 556
269 586
269 774
269 1003
269 1034
269 1186
269 1368
270 229
270 395
270 480
270 602
270 662
270 794
270 866
270 945
270 950
270 953
270 954
270 1042
270 1062
270 1351
271 208
271 1032
271 1099
272 4
272 51
272 252
272 297
272 355
272 404
272 608
272 673
272 719
272 734
272 824
272 838
272 1374
272 1396
272 1398
273 68
273 78
273 97
273 230
273 307
273 401
273 410
273 540
273 595
273 622
273 669
273 763
273 816
273 850
273 868
273 968
273 976
273 1022
273 1025
273 1116
273 1150
273 1247
273 1255
273 1310
273 1347
273 1440
274 4
274 22
274 139
274 196
274 203
274 217
274 219
274 249
274 250
274 258
274 288
274 289
274 394
274 442
274 461
274 478
274 498
274 538
274 600
274 648
274 693
274 830
274 831
274 841
274 861
274 924
274 962
274 985
274 995
274 1201
274 1210
274 1271
274 1273
274 1286
274 1330
274 1348
274 1407
276 447
276 642
276 1187
277 768
277 1412
278 694
278 877
278 1101
278 1126
278 1152
278 1275
278 1354
279 20
279 33
279 62
279 68
279 97
279 147
279 225
279 228
279 230
279 237
279 243
279 273
279 301
279 307
279 374
279 401
279 409
279 410
279 431
279 432
279 467
279 471
279 474
279 535
279 540
279 543
279 552
279 595
279 622
279 627
279 639
279 650
279 690
279 691
279 722
279 738
279 749
279 750
279 763
279 779
279 784
279 816
279 832
279 843
279 850
279 854
279 868
279 872
279 909
279 925
279 927
279 928
279 968
279 969
279 976
279 998
279 1020
279 1022
279 1028
279 1036
279 1052
279 1116
279 1130
279 1141
279 1150
279 1183
279 1255
279 1266
279 1346
279 1347
279 1373
279 1440
280 354
280 375
280 429
280 649
281 250
281 282
281 356
281 394
281 465
281 812
281 831
281 861
281 893
281 1286
282 258
282 281
282 286
282 288
282 289
282 308
282 394
282 424
282 502
282 506
282 568
282 583
282 664
282 753
282 755
282 777
282 831
282 861
282 875
282 1063
282 1167
282 1178
282 1195
282 1251
282 1271
282 1286
282 1319
282 1348
283 79
283 87
283 88
283 105
283 176
283 190
283 196
283 219
283 250
283 256
283 258
283 284
283 321
283 394
283 426
283 454
283 477
283 545
283 560
283 573
283 597
283 703
283 710
283 762
283 828
283 831
283 838
283 892
283 930
283 956
283 959
283 981
283 986
283 1081
283 1097
283 1143
283 1195
283 1367
284 176
284 196
284 283
284 477
284 828
284 831
284 838
284 892
284 930
284 959
284 962
284 981
284 1296
285 364
286 18
286 38
286 70
286 88
286 140
286 219
286 249
286 250
286 258
286 274
286 282
286 289
286 308
286 328
286 394
286 498
286 506
286 561
286 648
286 677
286 706
286 755
286 766
286 777
286 809
286 831
286 861
286 875
286 905
286 962
286 985
286 1049
286 1065
286 1073
286 1083
286 1097
286 1122
286 1167
286 1195
286 1251
286 1271
286 1286
286 1319
286 1348
287 118
287 172
287 192
287 221
287 263
287 726
287 736
287 779
287 788
287 798
287 994
287 1290
287 1305
287 1361
287 1398
288 4
288 22
288 53
288 69
288 80
288 88
288 92
288 128
288 140
288 162
288 176
288 203
288 219
288 250
288 255
288 258
288 261
288 281
288 282
288 289
288 328
288 356
288 394
288 420
288 424
288 445
288 465
288 481
288 517
288 538
288 558
288 576
288 583
288 590
288 597
288 600
288 641
288 664
288 697
288 710
288 721
288 755
288 830
288 831
288 838
288 861
288 959
288 980
288 981
288 986
288 996
288 1055
288 1081
288 1097
288 1175
288 1195
288 1239
288 1262
288 1286
288 1287
288 1296
288 1319
288 1330
288 1348
288 1372
288 1399
289 4
289 38
289 53
289 69
289 71
289 80
289 111
289 128
289 140
289 183
289 196
289 203
289 219
289 223
289 235
289 250
289 258
289 266
289 274
289 281
289 282
289 286
289 288
289 308
289 328
289 356
289 394
289 419
289 424
289 442
289 461
289 464
289 481
289 488
289 498
289 502
289 506
289 507
289 538
289 548
289 568
289 583
289 590
289 597
289 609
289 641
289 648
289 664
289 697
289 755
289 771
289 777
289 812
289 831
289 841
289 861
289 875
289 890
289 893
289 934
289 984
289 985
289 986
289 995
289 1044
289 1049
289 1055
289 1073
289 1097
289 1111
289 1167
289 1195
289 1203
289 1214
289 1239
289 1271
289 1276
289 1286
289 1296
289 1297
289 1319
289 1330
289 1348
289 1367
289 1399
289 1415
290 7
290 56
290 586
290 642
290 1337
290 1417
291 335
291 401
292 116
292 243
292 834
292 854
292 986
292 1016
293 50
293 143
293 430
294 16
294 39
294 60
294 90
294 99
294 161
294 168
294 201
294 205
294 231
294 248
294 257
294 260
294 316
294 347
294 387
294 408
294 425
294 440
294 474
294 487
294 495
294 559
294 572
294 613
294 643
294 661
294 679
294 688
294 707
294 729
294 737
294 775
294 782
294 792
294 808
294 815
294 911
294 916
294 971
294 1026
294 1039
294 1084
294 1092
294 1098
294 1134
294 1171
294 1185
294 1189
294 1223
294 1226
294 1228
294 1230
294 1308
294 1324
294 1338
294 1353
294 1381
295 180
295 711
295 1280
296 427
296 490
297 4
297 51
297 168
297 252
297 336
297 355
297 643
297 673
297 734
297 824
297 838
297 1091
297 1237
297 1374
297 1396
297 1398
298 1240
298 1413
299 546
299 628
299 696
299 1021
299 1079
299 1166
299 1174
299 1270
299 1288
299 1313
299 1392
300 74
300 113
300 168
300 214
300 233
300 418
300 462
300 497
300 537
300 559
300 606
300 666
300 801
300 1188
300 1249
300 1253
300 1280
300 1347
300 1430
300 1434
301 62
301 243
301 401
301 409
301 410
301 467
301 540
301 564
301 622
301 650
301 669
301 738
301 749
301 763
301 816
301 832
301 843
301 927
301 968
301 998
301 1020
301 1056
301 1116
301 1130
301 1183
301 1241
301 1266
301 1346
301 1373
304 842
304 886
304 1428
305 26
305 132
305 147
305 253
305 263
305 264
305 327
305 374
305 449
305 456
305 490
305 522
305 657
305 674
305 726
305 833
305 851
305 895
305 906
305 1072
305 1176
305 1216
305 1447
307 78
307 97
307 243
307 273
307 401
307 410
307 471
307 543
307 669
307 763
307 779
307 816
307 832
307 843
307 968
307 975
307 976
307 1056
307 1116
307 1118
307 1183
307 1266
308 38
308 282
308 289
308 394
308 502
308 506
308 648
308 664
308 706
308 753
308 755
308 777
308 861
308 875
308 1063
308 1111
308 1167
308 1195
308 1271
308 1286
308 1319
308 1348
308 1415
309 716
309 835
309 1090
310 153
310 317
310 470
310 543
310 551
310 630
310 811
310 1014
310 1361
311 349
311 407
311 415
311 472
311 501
311 554
311 593
311 756
311 776
311 825
311 937
311 1003
311 1058
311 1069
311 1186
311 1231
311 1295
311 1401
311 1402
311 1443
312 110
312 1090
312 1342
313 331
313 371
313 871
313 1099
313 1183
314 324
314 386
314 472
314 676
314 786
314 787
314 836
315 9
315 57
315 153
315 310
315 317
315 470
315 497
315 543
315 551
315 624
315 630
315 660
315 726
315 811
315 813
315 1014
315 1066
315 1336
315 1406
315 1429
316 99
316 102
316 106
316 121
316 168
316 180
316 181
316 185
316 205
316 211
316 231
316 257
316 260
316 294
316 347
316 384
316 387
316 402
316 408
316 425
316 452
316 474
316 487
316 495
316 511
316 559
316 566
316 613
316 643
316 661
316 666
316 679
316 682
316 688
316 696
316 729
316 744
316 808
316 815
316 911
316 977
316 1021
316 1026
316 1066
316 1092
316 1098
316 1103
316 1134
316 1171
316 1185
316 1225
316 1226
316 1230
316 1253
316 1267
316 1274
316 1308
316 1324
316 1338
316 1353
316 1358
316 1419
317 9
317 57
317 310
317 470
317 543
317 551
317 624
317 630
317 660
317 811
317 1014
317 1066
317 1361
317 1429
318 6
318 823
319 520
319 974
320 463
320 1142
321 87
321 88
321 128
321 162
321 196
321 203
321 217
321 219
321 250
321 258
321 283
321 288
321 394
321 454
321 466
321 477
321 538
321 560
321 573
321 600
321 641
321 830
321 831
321 956
321 981
321 986
321 1097
321 1106
321 1143
321 1210
321 1273
321 1277
321 1286
321 1319
321 1330
321 1432
322 75
322 187
322 218
322 367
322 546
322 621
322 666
322 700
322 772
322 880
322 911
322 1128
322 1245
322 1314
322 1323
322 1338
323 23
323 114
323 134
323 155
323 180
323 213
323 238
323 340
323 401
323 474
323 515
323 555
323 632
323 646
323 689
323 847
323 932
323 1084
323 1253
323 1353
323 1357
324 472
325 428
325 666
325 1096
325 1258
327 7
327 253
327 263
327 264
327 305
327 354
327 374
327 449
327 456
327 490
327 674
327 895
327 1069
327 1072
327 1176
327 1240
327 1413
327 1447
328 22
328 69
328 71
328 88
328 140
328 149
328 183
328 196
328 217
328 250
328 258
328 282
328 286
328 289
328 308
328 361
328 394
328 422
328 454
328 492
328 498
328 506
328 507
328 590
328 597
328 648
328 697
328 755
328 777
328 861
328 890
328 986
328 1044
328 1049
328 1073
328 1097
328 1111
328 1178
328 1195
328 1210
328 1271
328 1286
328 1319
328 1348
328 1385
328 1399
330 55
330 147
330 389
330 653
330 695
330 732
330 803
330 1034
330 1093
330 1193
330 1285
330 1328
331 313
331 769
331 871
331 1183
332 44
332 184
332 234
332 399
332 518
332 587
332 678
332 743
332 965
332 993
332 1043
332 1054
332 1095
332 1366
332 1400
332 1437
333 42
333 104
333 147
333 166
333 200
333 343
333 352
333 362
333 410
333 513
333 539
333 598
333 634
333 740
333 837
333 944
333 987
333 992
333 1004
333 1086
333 1355
333 1409
333 1413
334 164
334 698
334 774
334 776
334 863
334 1000
334 1425
335 291
335 401
335 1227
336 4
336 51
336 168
336 252
336 272
336 297
336 355
336 382
336 398
336 404
336 497
336 608
336 643
336 673
336 719
336 734
336 824
336 838
336 1091
336 1133
336 1237
336 1294
336 1360
336 1374
336 1396
336 1398
337 201
337 699
337 858
337 915
337 1421
338 33
338 62
338 228
338 279
338 431
338 471
338 474
338 535
338 543
338 595
338 622
338 627
338 650
338 670
338 690
338 749
338 763
338 804
338 816
338 832
338 854
338 927
338 969
338 975
338 1020
338 1022
338 1025
338 1028
338 1036
338 1052
338 1056
338 1116
338 1118
338 1247
338 1266
338 1310
338 1341
338 1347
338 1350
338 1386
339 158
339 986
339 1144
340 23
340 114
340 134
340 155
340 180
340 187
340 213
340 246
340 323
340 348
340 474
340 515
340 516
340 555
340 599
340 689
340 817
340 832
340 847
340 919
340 932
340 1257
340 1353
340 1357
341 16
341 39
341 90
341 94
341 99
341 102
341 231
341 244
341 248
341 257
341 260
341 393
341 403
341 408
341 411
341 425
341 475
341 487
341 524
341 533
341 566
341 572
341 608
341 661
341 666
341 679
341 688
341 707
341 729
341 775
341 782
341 792
341 806
341 902
341 936
341 961
341 1026
341 1039
341 1084
341 1098
341 1120
341 1170
341 1171
341 1205
341 1226
341 1230
341 1274
341 1324
341 1338
341 1353
341 1358
341 1397
342 97
342 165
342 216
342 229
342 395
342 416
342 433
342 480
342 791
342 810
342 836
342 922
342 940
342 950
342 953
342 999
342 1042
342 1139
342 1301
342 1351
343 40
343 42
343 76
343 104
343 147
343 166
343 200
343 239
343 245
343 251
343 334
343 352
343 410
343 467
343 513
343 539
343 571
343 595
343 598
343 634
343 639
343 644
343 717
343 740
343 748
343 820
343 837
343 863
343 873
343 882
343 898
343 914
343 992
343 1004
343 1041
343 1086
343 1094
343 1154
343 1156
343 1169
343 1240
343 1248
343 1355
343 1409
343 1413
343 1422
343 1427
344 399
344 607
344 1013
344 1301
345 82
345 562
345 1094
346 173
346 243
346 311
346 349
346 407
346 501
346 512
346 556
346 593
346 663
346 756
346 774
346 958
346 1003
346 1034
346 1117
346 1186
346 1217
346 1368
346 1401
346 1402
347 16
347 99
347 211
347 248
347 260
347 294
347 341
347 384
347 390
347 495
347 566
347 572
347 608
347 613
347 661
347 688
347 775
347 815
347 916
347 1026
347 1038
347 1039
347 1092
347 1098
347 1189
347 1228
347 1274
347 1308
347 1332
347 1353
347 1419
348 23
348 60
348 94
348 106
348 114
348 134
348 155
348 169
348 171
348 180
348 187
348 238
348 246
348 323
348 340
348 387
348 425
348 469
348 474
348 515
348 527
348 555
348 599
348 632
348 646
348 666
348 817
348 832
348 847
348 849
348 914
348 919
348 920
348 932
348 1017
348 1084
348 1114
348 1120
348 1245
348 1253
348 1338
348 1353
348 1357
348 1376
349 28
349 37
349 46
349 58
349 125
349 164
349 165
349 173
349 198
349 311
349 346
349 397
349 407
349 415
349 416
349 458
349 501
349 541
349 549
349 564
349 586
349 593
349 663
349 756
349 764
349 774
349 791
349 796
349 913
349 982
349 1117
349 1177
349 1186
349 1301
349 1402
349 1414
350 151
350 546
350 816
350 1375
350 1408
351 25
351 423
352 42
352 104
352 147
352 166
352 200
352 245
352 333
352 410
352 467
352 513
352 598
352 634
352 639
352 709
352 717
352 837
352 944
352 987
352 992
352 1004
352 1086
352 1169
352 1190
352 1248
352 1355
352 1409
352 1413
352 1427
353 70
353 250
353 258
353 282
353 286
353 289
353 394
353 506
353 561
353 568
353 697
353 753
353 766
353 845
353 861
353 1063
353 1167
353 1195
353 1271
353 1348
354 7
354 244
354 280
354 327
354 360
354 429
354 922
354 1069
354 1136
354 1240
354 1393
355 4
355 51
355 272
355 297
355 336
355 404
355 497
355 673
355 719
355 824
355 838
355 1091
355 1133
355 1234
355 1374
355 1396
356 27
356 49
356 250
356 258
356 281
356 282
356 288
356 289
356 424
356 445
356 465
356 481
356 558
356 583
356 664
356 755
356 831
356 861
356 875
356 980
356 1001
356 1175
356 1195
356 1286
356 1348
357 186
357 195
357 406
357 525
357 628
357 729
357 782
357 897
357 939
357 978
357 1021
357 1084
357 1174
357 1233
357 1262
357 1270
357 1280
357 1392
358 250
358 258
358 289
358 394
358 419
358 442
358 464
358 488
358 548
358 597
358 651
358 731
358 1001
359 579
360 244
360 280
360 354
360 429
360 569
360 941
360 1082
361 22
361 139
361 162
361 258
361 328
361 422
361 517
361 648
361 1106
361 1195
361 1330
362 42
362 104
362 147
362 166
362 200
362 245
362 352
362 513
362 598
362 634
362 709
362 837
362 944
362 987
362 1248
362 1355
362 1413
362 1427
363 891
363 922
364 285
365 25
365 39
365 59
365 65
365 119
365 133
365 180
365 197
365 218
365 244
365 259
365 322
365 367
365 423
365 476
365 493
365 614
365 621
365 643
365 700
365 713
365 741
365 767
365 782
365 785
365 878
365 880
365 911
365 972
365 1006
365 1085
365 1102
365 1120
365 1157
365 1166
365 1221
365 1245
365 1261
365 1268
365 1309
365 1338
365 1390
366 201
366 823
366 952
366 1256
366 1307
366 1327
366 1343
367 75
367 187
367 207
367 218
367 244
367 259
367 322
367 423
367 546
367 621
367 643
367 652
367 666
367 700
367 704
367 741
367 772
367 880
367 1109
367 1120
367 1157
368 7
368 24
368 84
368 116
368 226
368 227
368 456
368 543
368 598
368 630
368 747
368 754
368 1211
368 1241
368 1244
368 1433
368 1446
369 1140
369 1436
370 414
370 1012
371 313
371 331
371 769
371 871
371 1099
371 1183
372 539
372 868
373 39
373 72
373 114
373 155
373 380
373 462
373 505
373 589
373 666
373 1007
373 1279
373 1371
373 1404
374 68
374 78
374 89
374 132
374 147
374 228
374 253
374 263
374 264
374 279
374 305
374 327
374 338
374 401
374 431
374 449
374 471
374 483
374 490
374 522
374 543
374 622
374 650
374 669
374 674
374 690
374 804
374 832
374 843
374 895
374 906
374 927
374 928
374 975
374 1010
374 1028
374 1052
374 1116
374 1130
374 1241
374 1255
374 1303
374 1310
374 1341
374 1346
374 1386
375 244
375 280
375 347
375 354
375 360
375 390
375 429
375 569
375 941
375 1038
375 1082
375 1189
377 597
377 986
380 72
380 114
380 155
380 373
380 462
380 505
380 666
380 1007
380 1279
382 51
382 168
382 272
382 336
382 398
382 497
382 608
382 719
382 838
382 899
382 1133
382 1234
382 1237
382 1294
382 1360
383 232
383 496
383 529
383 1075
383 1192
383 1283
384 99
384 185
384 211
384 231
384 257
384 260
384 316
384 487
384 511
384 533
384 566
384 679
384 688
384 744
384 815
384 911
384 1021
384 1092
384 1098
384 1171
384 1185
384 1225
384 1230
384 1253
384 1298
384 1324
384 1332
384 1335
384 1338
384 1358
384 1381
384 1419
385 481
385 550
385 828
385 845
385 986
385 1097
386 314
386 324
386 472
386 676
386 786
386 787
386 836
387 39
387 90
387 99
387 106
387 169
387 181
387 201
387 205
387 231
387 248
387 260
387 294
387 316
387 348
387 425
387 469
387 474
387 495
387 613
387 643
387 666
387 688
387 729
387 737
387 789
387 849
387 888
387 911
387 916
387 977
387 1017
387 1084
387 1092
387 1114
387 1120
387 1171
387 1225
387 1245
387 1253
387 1267
387 1324
387 1353
387 1381
389 147
389 330
389 695
389 803
389 815
389 1034
389 1093
389 1193
389 1285
389 1328
390 347
390 375
390 1038
390 1189
391 3
391 39
391 114
391 136
391 187
391 666
391 704
391 1059
391 1189
391 1442
392 313
392 331
392 371
392 769
392 871
392 1099
392 1183
393 341
393 403
393 411
393 524
393 666
393 1397
394 4
394 18
394 38
394 70
394 71
394 79
394 80
394 87
394 88
394 92
394 105
394 128
394 140
394 162
394 183
394 190
394 196
394 203
394 212
394 217
394 219
394 223
394 235
394 249
394 250
394 254
394 258
394 261
394 274
394 281
394 282
394 286
394 288
394 289
394 308
394 321
394 358
394 419
394 420
394 422
394 426
394 442
394 454
394 464
394 486
394 488
394 492
394 498
394 502
394 506
394 517
394 538
394 545
394 548
394 561
394 568
394 580
394 590
394 597
394 600
394 641
394 648
394 664
394 668
394 677
394 693
394 706
394 731
394 753
394 755
394 762
394 766
394 777
394 809
394 828
394 830
394 831
394 841
394 861
394 875
394 893
394 959
394 964
394 984
394 985
394 986
394 1001
394 1031
394 1055
394 1063
394 1065
394 1081
394 1083
394 1122
394 1143
394 1167
394 1195
394 1210
394 1214
394 1251
394 1271
394 1277
394 1284
394 1286
394 1287
394 1296
394 1297
394 1300
394 1319
394 1330
394 1331
394 1348
394 1407
394 1415
395 165
395 216
395 342
395 480
395 602
395 662
395 866
395 923
395 945
395 950
395 954
395 999
395 1023
395 1042
395 1062
395 1139
396 227
396 523
397 28
397 46
397 122
397 125
397 164
397 173
397 243
397 311
397 410
397 415
397 458
397 512
397 541
397 564
397 586
397 663
397 764
397 774
397 913
397 982
397 1003
397 1186
397 1301
398 4
398 51
398 168
398 259
398 272
398 297
398 336
398 355
398 497
398 534
398 608
398 646
398 673
398 719
398 734
398 780
398 824
398 838
398 886
398 1133
398 1157
398 1208
398 1221
398 1294
398 1360
398 1374
398 1396
399 44
399 153
399 234
399 344
399 518
399 607
399 635
399 743
399 856
399 917
399 993
399 1149
399 1238
399 1282
400 50
400 77
400 143
400 202
400 221
400 293
400 430
400 687
400 765
400 1067
400 1380
401 60
401 62
401 78
401 171
401 243
401 291
401 307
401 335
401 409
401 431
401 467
401 474
401 515
401 535
401 599
401 646
401 650
401 763
401 779
401 816
401 832
401 854
401 914
401 919
401 925
401 967
401 968
401 1028
401 1056
401 1116
401 1118
401 1150
401 1183
401 1241
401 1255
401 1266
402 98
402 294
402 316
402 384
402 408
402 425
402 452
402 487
402 495
402 533
402 566
402 613
402 682
402 696
402 775
402 782
402 792
402 815
402 911
402 1021
402 1026
402 1066
402 1092
402 1098
402 1134
402 1171
402 1226
402 1230
402 1274
402 1308
402 1324
402 1353
402 1358
403 39
403 341
403 393
403 411
403 524
403 666
403 1397
404 168
404 297
404 497
404 608
404 673
404 838
404 899
404 1237
404 1396
405 82
405 345
405 562
405 659
405 778
405 854
405 1094
406 75
406 186
406 195
406 299
406 357
406 500
406 525
406 546
406 577
406 628
406 696
406 729
406 775
406 782
406 857
406 887
406 897
406 939
406 978
406 1021
406 1077
406 1079
406 1103
406 1166
406 1174
406 1184
406 1233
406 1262
406 1270
406 1280
406 1288
406 1313
406 1325
406 1338
406 1364
406 1392
407 28
407 37
407 243
407 311
407 346
407 349
407 501
407 541
407 593
407 756
407 774
407 1003
408 17
408 39
408 74
408 121
408 174
408 181
408 205
408 218
408 231
408 244
408 248
408 260
408 262
408 294
408 316
408 341
408 487
408 493
408 495
408 497
408 511
408 519
408 533
408 566
408 613
408 614
408 666
408 675
408 679
408 682
408 688
408 696
408 707
408 782
408 797
408 808
408 858
408 902
408 915
408 961
408 977
408 1019
408 1026
408 1066
408 1084
408 1092
408 1103
408 1134
408 1185
408 1188
408 1189
408 1225
408 1226
408 1230
408 1249
408 1253
408 1269
408 1308
408 1324
408 1332
408 1338
408 1358
408 1421
408 1428
409 26
409 34
409 83
409 147
409 225
409 237
409 243
409 253
409 263
409 264
409 273
409 279
409 305
409 374
409 456
409 471
409 483
409 490
409 522
409 535
409 543
409 552
409 622
409 627
409 639
409 650
409 670
409 749
409 750
409 804
409 816
409 832
409 833
409 850
409 851
409 868
409 872
409 895
409 901
409 906
409 928
409 968
409 975
409 1010
409 1022
409 1052
409 1056
409 1130
409 1183
409 1216
409 1241
409 1413
410 20
410 26
410 28
410 33
410 40
410 42
410 43
410 46
410 58
410 62
410 76
410 84
410 89
410 97
410 104
410 125
410 147
410 170
410 198
410 225
410 237
410 239
410 240
410 243
410 245
410 251
410 265
410 279
410 307
410 333
410 338
410 343
410 349
410 362
410 397
410 401
410 409
410 415
410 431
410 432
410 447
410 458
410 467
410 468
410 471
410 483
410 484
410 490
410 513
410 535
410 549
410 552
410 563
410 564
410 571
410 586
410 598
410 622
410 627
410 634
410 637
410 640
410 650
410 663
410 669
410 670
410 671
410 690
410 691
410 709
410 717
410 740
410 748
410 749
410 750
410 763
410 764
410 774
410 779
410 784
410 796
410 816
410 832
410 837
410 843
410 854
410 863
410 882
410 909
410 914
410 920
410 925
410 937
410 943
410 944
410 968
410 976
410 987
410 992
410 997
410 1003
410 1004
410 1010
410 1020
410 1022
410 1052
410 1056
410 1116
410 1117
410 1118
410 1123
410 1130
410 1138
410 1154
410 1156
410 1169
410 1177
410 1183
410 1186
410 1190
410 1211
410 1240
410 1241
410 1248
410 1255
410 1266
410 1292
410 1305
410 1307
410 1310
410 1320
410 1321
410 1326
410 1341
410 1346
410 1359
410 1368
410 1388
410 1401
410 1402
410 1409
410 1413
410 1414
410 1427
411 39
411 341
411 393
411 403
411 524
411 666
411 1397
412 1105
412 1207
413 123
413 156
413 740
414 370
414 1012
415 26
415 28
415 37
415 46
415 58
415 84
415 122
415 125
415 164
415 165
415 173
415 198
415 243
415 269
415 349
415 416
415 458
415 501
415 512
415 541
415 549
415 564
415 586
415 663
415 671
415 791
415 913
415 937
415 958
415 982
415 1003
415 1034
415 1067
415 1068
415 1117
415 1177
415 1186
415 1301
415 1321
415 1368
415 1401
415 1402
416 26
416 28
416 37
416 46
416 97
416 122
416 125
416 130
416 164
416 173
416 198
416 243
416 269
416 311
416 342
416 346
416 349
416 397
416 410
416 415
416 458
416 501
416 512
416 541
416 549
416 564
416 586
416 671
416 764
416 774
416 796
416 810
416 922
416 937
416 958
416 982
416 1003
416 1034
416 1068
416 1117
416 1177
416 1186
416 1217
416 1321
416 1368
416 1401
416 1402
416 1414
417 557
417 594
417 883
417 1265
418 233
418 408
418 462
418 493
418 497
418 559
418 614
418 666
418 801
418 1185
418 1188
418 1249
418 1347
419 223
419 289
419 442
419 464
419 597
419 1297
420 87
420 92
420 139
420 140
420 162
420 196
420 203
420 217
420 219
420 250
420 254
420 258
420 274
420 289
420 321
420 394
420 426
420 454
420 466
420 492
420 517
420 538
420 590
420 597
420 600
420 641
420 668
420 697
420 830
420 1055
420 1097
420 1106
420 1195
420 1210
420 1273
420 1277
420 1284
420 1286
420 1296
420 1330
420 1331
420 1407
420 1432
421 30
421 118
421 120
421 170
421 221
421 240
421 263
421 287
421 410
421 447
421 456
421 468
421 563
421 586
421 637
421 640
421 726
421 736
421 779
421 788
421 920
421 943
421 1041
421 1123
421 1138
421 1252
421 1263
421 1290
421 1292
421 1305
421 1317
421 1320
421 1361
421 1382
421 1416
422 162
422 196
422 217
422 219
422 289
422 361
422 394
422 420
422 426
422 454
422 841
422 1055
422 1106
422 1195
422 1210
422 1277
422 1284
422 1286
422 1296
422 1330
422 1331
422 1432
423 25
423 119
423 180
423 197
423 244
423 259
423 351
423 365
423 476
423 493
423 614
423 621
423 652
423 713
423 741
423 767
423 792
423 878
423 972
423 1085
423 1102
423 1120
423 1128
423 1221
423 1245
423 1268
423 1309
423 1314
423 1323
423 1338
423 1390
424 250
424 258
424 281
424 282
424 288
424 289
424 481
424 755
424 831
424 1286
425 16
425 23
425 39
425 60
425 90
425 98
425 99
425 102
425 155
425 161
425 168
425 180
425 181
425 185
425 201
425 205
425 222
425 231
425 246
425 257
425 294
425 323
425 341
425 347
425 348
425 384
425 387
425 440
425 452
425 474
425 475
425 487
425 495
425 511
425 527
425 533
425 555
425 566
425 572
425 613
425 646
425 661
425 666
425 679
425 682
425 688
425 689
425 696
425 707
425 729
425 733
425 775
425 782
425 792
425 808
425 815
425 817
425 832
425 847
425 911
425 914
425 916
425 919
425 967
425 971
425 1026
425 1038
425 1084
425 1092
425 1098
425 1171
425 1189
425 1225
425 1228
425 1253
425 1267
425 1274
425 1308
425 1324
425 1332
425 1381
425 1419
426 79
426 88
426 127
426 128
426 140
426 162
426 190
426 217
426 250
426 258
426 274
426 283
426 288
426 289
426 394
426 420
426 422
426 454
426 466
426 477
426 486
426 576
426 600
426 609
426 762
426 828
426 830
426 838
426 841
426 959
426 986
426 996
426 1055
426 1106
426 1195
426 1239
426 1262
426 1277
426 1284
426 1287
426 1296
426 1331
426 1407
426 1418
426 1432
427 296
427 490
428 325
428 666
428 1096
428 1258
429 32
429 39
429 171
429 191
429 244
429 280
429 354
429 360
429 375
429 446
429 493
429 569
429 572
429 704
429 714
429 741
429 760
429 790
429 792
429 824
429 886
429 911
429 1061
429 1082
429 1189
429 1260
429 1304
429 1378
430 50
430 77
430 143
430 293
431 33
431 36
431 62
431 68
431 83
431 89
431 97
431 147
431 237
431 279
431 301
431 307
431 338
431 374
431 410
431 432
431 467
431 471
431 483
431 535
431 543
431 552
431 553
431 564
431 570
431 622
431 639
431 650
431 669
431 722
431 738
431 749
431 750
431 779
431 784
431 804
431 843
431 854
431 868
431 901
431 913
431 925
431 927
431 968
431 969
431 975
431 976
431 998
431 1010
431 1022
431 1025
431 1028
431 1036
431 1100
431 1116
431 1152
431 1183
431 1247
431 1255
431 1303
431 1310
431 1341
431 1347
431 1350
431 1373
431 1386
432 62
432 89
432 97
432 147
432 243
432 279
432 301
432 409
432 471
432 564
432 570
432 622
432 627
432 639
432 650
432 690
432 691
432 722
432 738
432 784
432 832
432 843
432 901
432 968
432 1022
432 1028
432 1056
432 1183
432 1247
432 1346
432 1350
432 1373
433 229
433 239
433 270
433 395
433 480
433 526
433 602
433 662
433 791
433 945
433 950
433 954
433 999
433 1013
433 1042
433 1099
433 1110
433 1137
433 1139
433 1437
434 74
434 187
435 598
435 1240
436 191
436 429
436 446
436 572
436 760
436 862
436 911
436 961
436 1061
436 1189
436 1260
436 1312
436 1390
437 178
437 575
437 650
437 701
437 717
437 990
437 1099
437 1444
439 344
439 399
439 607
439 1013
439 1301
440 106
440 121
440 161
440 180
440 201
440 205
440 211
440 257
440 294
440 452
440 487
440 511
440 572
440 613
440 666
440 679
440 688
440 733
440 795
440 815
440 911
440 971
440 1026
440 1103
440 1189
440 1223
440 1226
440 1228
440 1267
440 1274
440 1324
440 1335
440 1338
440 1358
441 278
441 491
441 539
441 622
441 694
441 877
441 1101
441 1126
441 1152
441 1275
441 1354
442 140
442 223
442 250
442 258
442 274
442 289
442 419
442 461
442 478
442 548
442 597
442 648
442 831
442 924
442 986
442 995
442 1201
442 1271
442 1276
442 1297
443 366
443 626
443 823
443 952
443 1256
443 1307
443 1320
443 1327
444 1047
444 1111
445 27
445 49
445 80
445 250
445 258
445 281
445 282
445 288
445 289
445 424
445 465
445 481
445 583
445 664
445 755
445 831
445 875
445 980
445 1175
445 1286
445 1348
446 171
446 191
446 429
446 572
446 760
446 911
446 961
446 1061
446 1189
446 1260
446 1312
446 1390
447 11
447 84
447 97
447 112
447 148
447 170
447 230
447 240
447 276
447 410
447 456
447 468
447 484
447 528
447 563
447 585
447 586
447 595
447 639
447 640
447 642
447 717
447 726
447 796
447 914
447 920
447 922
447 966
447 1091
447 1099
447 1123
447 1138
447 1164
447 1172
447 1176
447 1187
447 1211
447 1219
447 1241
447 1292
447 1320
447 1326
447 1344
447 1356
447 1362
447 1388
447 1389
447 1391
448 131
448 137
448 966
449 253
449 263
449 264
449 305
449 490
449 674
449 895
449 906
449 1072
449 1447
450 639
450 1074
451 544
452 231
452 248
452 347
452 384
452 387
452 425
452 474
452 533
452 559
452 566
452 679
452 729
452 782
452 911
452 916
452 971
452 1021
452 1066
452 1092
452 1098
452 1103
452 1225
452 1228
452 1230
452 1253
452 1298
452 1308
452 1332
452 1358
452 1381
452 1419
453 2
453 180
453 720
453 727
453 741
453 1342
454 22
454 69
454 79
454 87
454 92
454 105
454 127
454 162
454 203
454 217
454 219
454 250
454 258
454 283
454 289
454 321
454 394
454 420
454 422
454 426
454 486
454 538
454 668
454 693
454 703
454 721
454 751
454 830
454 831
454 838
454 841
454 959
454 981
454 1081
454 1106
454 1195
454 1273
454 1284
454 1286
454 1287
454 1296
454 1331
454 1372
454 1407
455 194
455 496
455 1420
456 0
456 30
456 84
456 101
456 147
456 170
456 182
456 206
456 220
456 253
456 263
456 264
456 305
456 327
456 368
456 374
456 410
456 449
456 468
456 532
456 563
456 586
456 674
456 723
456 726
456 754
456 868
456 884
456 895
456 906
456 926
456 997
456 1036
456 1072
456 1123
456 1138
456 1155
456 1176
456 1211
456 1224
456 1289
456 1307
456 1320
456 1379
456 1388
456 1398
456 1422
457 136
457 193
457 485
457 1029
457 1323
458 28
458 37
458 46
458 84
458 122
458 125
458 164
458 173
458 243
458 269
458 346
458 415
458 416
458 549
458 564
458 586
458 663
458 756
458 958
458 982
458 1003
458 1186
458 1301
458 1368
458 1401
459 135
459 245
459 791
459 1370
460 95
460 97
460 253
460 399
460 588
460 728
460 1282
461 289
461 548
461 995
461 1271
461 1276
462 113
462 114
462 233
462 373
462 380
462 408
462 418
462 493
462 497
462 537
462 559
462 606
462 666
462 1007
462 1185
462 1249
462 1253
462 1347
462 1430
463 320
463 1142
464 223
464 258
464 289
464 419
464 442
464 488
464 548
464 597
464 761
464 845
464 986
464 1297
465 27
465 49
465 80
465 250
465 258
465 281
465 282
465 288
465 289
465 356
465 424
465 445
465 481
465 558
465 583
465 664
465 755
465 861
465 875
465 980
465 1001
465 1175
465 1195
465 1286
465 1348
466 4
466 87
466 140
466 258
466 274
466 321
466 394
466 426
466 492
466 517
466 590
466 597
466 641
466 648
466 830
466 838
466 986
466 1055
466 1106
466 1195
466 1210
466 1277
466 1286
466 1330
466 1432
467 42
467 104
467 147
467 166
467 200
467 225
467 243
467 279
467 333
467 343
467 362
467 409
467 410
467 431
467 474
467 496
467 535
467 552
467 598
467 627
467 634
467 642
467 650
467 670
467 690
467 691
467 705
467 740
467 816
467 832
467 837
467 881
467 922
467 925
467 944
467 968
467 975
467 976
467 992
467 1004
467 1010
467 1020
467 1025
467 1086
467 1101
467 1183
467 1190
467 1211
467 1241
467 1336
467 1346
467 1350
467 1398
467 1405
467 1409
467 1413
467 1427
467 1440
468 30
468 84
468 170
468 210
468 240
468 410
468 421
468 447
468 456
468 484
468 563
468 586
468 637
468 640
468 914
468 920
468 943
468 997
468 1123
468 1138
468 1211
468 1263
468 1292
468 1307
468 1320
468 1326
468 1388
468 1416
469 106
469 348
469 666
469 1017
469 1114
469 1120
469 1245
470 543
470 551
470 630
470 811
470 1014
470 1066
470 1361
471 33
471 62
471 68
471 89
471 126
471 147
471 225
471 228
471 237
471 243
471 279
471 301
471 338
471 374
471 401
471 410
471 467
471 474
471 535
471 595
471 622
471 639
471 650
471 669
471 670
471 690
471 691
471 722
471 738
471 763
471 779
471 784
471 816
471 832
471 843
471 850
471 872
471 894
471 909
471 913
471 925
471 927
471 928
471 968
471 969
471 976
471 1010
471 1022
471 1052
471 1056
471 1130
471 1183
471 1241
471 1255
471 1346
471 1440
472 314
472 324
472 386
472 554
472 676
472 776
472 786
472 787
472 825
472 836
472 1058
472 1069
472 1231
472 1295
472 1443
473 15
473 243
473 855
474 60
474 68
474 83
474 90
474 98
474 99
474 114
474 126
474 147
474 161
474 171
474 185
474 205
474 222
474 231
474 238
474 248
474 273
474 279
474 294
474 307
474 316
474 374
474 384
474 401
474 425
474 440
474 471
474 515
474 535
474 540
474 555
474 572
474 595
474 622
474 632
474 646
474 650
474 666
474 670
474 679
474 689
474 690
474 729
474 733
474 737
474 749
474 763
474 779
474 782
474 815
474 832
474 894
474 902
474 909
474 916
474 932
474 975
474 976
474 1010
474 1022
474 1028
474 1052
474 1084
474 1092
474 1100
474 1116
474 1134
474 1141
474 1150
474 1171
474 1183
474 1253
474 1324
474 1338
474 1353
474 1381
474 1440
475 134
475 155
475 180
475 213
475 222
475 246
475 340
475 341
475 348
475 425
475 527
475 646
475 688
475 729
475 806
475 817
475 832
475 914
475 936
475 948
475 1038
475 1084
475 1120
475 1170
475 1205
475 1253
475 1357
475 1376
476 25
476 39
476 119
476 133
476 180
476 218
476 259
476 365
476 423
476 531
476 621
476 643
476 652
476 700
476 713
476 741
476 767
476 782
476 911
476 972
476 1006
476 1085
476 1120
476 1221
476 1245
476 1268
476 1309
476 1314
476 1323
476 1338
476 1390
477 79
477 87
477 88
477 127
477 176
477 196
477 219
477 250
477 255
477 258
477 261
477 283
477 284
477 288
477 321
477 454
477 560
477 573
477 703
477 828
477 831
477 838
477 892
477 930
477 959
477 962
477 981
477 996
477 1081
477 1097
477 1143
477 1195
477 1239
477 1262
477 1287
478 258
478 274
478 289
478 442
478 461
478 548
478 648
478 831
478 924
478 995
478 1201
478 1271
478 1276
479 66
479 93
479 135
479 595
479 770
479 774
479 922
479 947
479 1162
479 1180
480 97
480 165
480 216
480 229
480 239
480 270
480 342
480 395
480 433
480 526
480 602
480 662
480 791
480 794
480 836
480 923
480 940
480 945
480 950
480 953
480 954
480 999
480 1013
480 1023
480 1042
480 1062
480 1099
480 1139
480 1351
480 1437
481 140
481 179
481 249
481 258
481 281
481 282
481 288
481 289
481 356
481 385
481 424
481 550
481 558
481 755
481 828
481 831
481 845
481 980
481 986
481 1097
481 1348
482 489
482 548
483 43
483 83
483 230
483 307
483 374
483 409
483 431
483 467
483 471
483 553
483 564
483 570
483 627
483 650
483 722
483 738
483 750
483 757
483 832
483 850
483 868
483 872
483 894
483 901
483 925
483 927
483 968
483 998
483 1025
483 1052
483 1056
483 1130
483 1303
483 1373
484 30
484 84
484 170
484 265
484 410
484 456
484 468
484 586
484 637
484 640
484 943
484 1138
484 1211
484 1320
484 1388
485 136
485 181
485 193
485 242
485 921
485 1426
486 79
486 88
486 105
486 176
486 190
486 219
486 250
486 255
486 258
486 261
486 283
486 288
486 454
486 477
486 545
486 576
486 597
486 693
486 703
486 721
486 762
486 828
486 831
486 838
486 959
486 981
486 996
486 1081
486 1143
486 1195
486 1239
486 1262
486 1287
486 1367
486 1372
487 16
487 39
487 99
487 185
487 201
487 205
487 211
487 231
487 257
487 260
487 294
487 316
487 341
487 347
487 384
487 387
487 408
487 425
487 452
487 474
487 495
487 511
487 533
487 559
487 566
487 608
487 613
487 643
487 679
487 688
487 707
487 729
487 733
487 737
487 782
487 792
487 808
487 815
487 977
487 1021
487 1026
487 1039
487 1092
487 1134
487 1171
487 1225
487 1226
487 1228
487 1230
487 1253
487 1267
487 1308
487 1324
487 1335
487 1338
487 1358
487 1419
488 223
488 250
488 289
488 394
488 419
488 442
488 464
488 548
488 597
488 964
488 1001
488 1297
489 482
489 548
490 37
490 147
490 253
490 263
490 264
490 296
490 305
490 327
490 374
490 410
490 427
490 449
490 456
490 674
490 726
490 833
490 895
490 906
490 1018
490 1072
490 1216
490 1240
490 1447
491 278
491 441
491 622
491 694
491 877
491 1101
491 1126
491 1275
491 1354
492 92
492 139
492 140
492 162
492 274
492 361
492 394
492 517
492 538
492 590
492 597
492 986
492 1210
492 1277
492 1286
492 1330
493 39
493 85
493 133
493 197
493 207
493 218
493 367
493 408
493 429
493 462
493 476
493 531
493 537
493 546
493 614
493 621
493 652
493 713
493 741
493 767
493 782
493 792
493 878
493 886
493 960
493 972
493 1085
493 1102
493 1120
493 1185
493 1221
493 1245
493 1249
493 1304
493 1314
493 1323
493 1347
493 1378
494 8
494 21
494 180
494 643
494 973
494 1084
494 1170
494 1236
494 1338
494 1397
495 60
495 90
495 205
495 244
495 257
495 294
495 341
495 384
495 387
495 408
495 425
495 474
495 566
495 608
495 643
495 666
495 675
495 688
495 729
495 782
495 902
495 961
495 971
495 977
495 1171
495 1189
495 1225
495 1308
495 1324
495 1338
495 1419
496 163
496 194
496 383
496 455
496 467
496 508
496 529
496 642
496 773
496 846
496 874
496 1051
496 1101
496 1140
496 1152
496 1216
496 1241
496 1283
496 1336
496 1344
496 1398
496 1405
496 1420
497 9
497 51
497 57
497 74
497 113
497 168
497 214
497 233
497 252
497 262
497 272
497 297
497 300
497 315
497 317
497 336
497 355
497 382
497 398
497 408
497 418
497 462
497 493
497 537
497 559
497 606
497 608
497 614
497 624
497 660
497 666
497 673
497 719
497 734
497 824
497 838
497 899
497 1133
497 1185
497 1188
497 1234
497 1237
497 1249
497 1253
497 1280
497 1294
497 1336
497 1347
497 1360
497 1396
497 1398
497 1406
497 1429
497 1430
498 69
498 249
498 258
498 274
498 289
498 328
498 394
498 506
498 507
498 580
498 648
498 890
498 985
498 986
498 1044
498 1065
498 1083
498 1122
498 1195
498 1271
498 1286
498 1385
499 29
499 109
499 1007
500 75
500 186
500 195
500 357
500 525
500 546
500 577
500 729
500 939
500 978
500 1021
500 1079
500 1166
500 1174
500 1184
500 1233
500 1262
500 1270
500 1280
500 1288
500 1325
500 1338
500 1392
501 198
501 311
501 349
501 407
501 512
501 541
501 549
501 556
501 586
501 593
501 756
501 764
501 1186
501 1217
501 1401
502 38
502 282
502 289
502 308
502 394
502 568
502 664
502 753
502 755
502 777
502 861
502 875
502 1167
502 1195
502 1271
502 1286
502 1319
502 1348
502 1415
503 171
503 429
503 714
503 790
503 816
504 595
504 639
504 774
504 966
504 1091
505 72
505 114
505 155
505 373
505 380
505 462
505 589
505 666
505 1007
505 1279
505 1371
506 14
506 18
506 38
506 69
506 70
506 80
506 88
506 116
506 140
506 149
506 183
506 235
506 243
506 249
506 250
506 258
506 266
506 282
506 286
506 289
506 292
506 308
506 328
506 353
506 394
506 498
506 507
506 561
506 568
506 580
506 601
506 609
506 610
506 648
506 677
506 693
506 697
506 706
506 753
506 755
506 766
506 777
506 809
506 828
506 830
506 831
506 834
506 845
506 854
506 861
506 890
506 962
506 986
506 1011
506 1016
506 1031
506 1044
506 1049
506 1063
506 1083
506 1097
506 1111
506 1122
506 1167
506 1178
506 1195
506 1214
506 1251
506 1271
506 1286
506 1319
506 1348
506 1385
506 1399
506 1415
507 69
507 149
507 183
507 258
507 261
507 289
507 498
507 506
507 615
507 771
507 890
507 955
507 986
507 1044
507 1049
507 1195
507 1271
507 1286
507 1319
507 1385
508 37
508 773
508 1051
508 1240
509 1027
509 1218
509 1395
511 168
511 181
511 231
511 248
511 257
511 260
511 294
511 341
511 347
511 408
511 425
511 487
511 608
511 613
511 643
511 661
511 707
511 775
511 792
511 808
511 815
511 1021
511 1026
511 1134
511 1171
511 1226
511 1228
511 1253
511 1324
511 1332
511 1338
511 1381
512 84
512 243
512 311
512 346
512 349
512 407
512 416
512 501
512 593
512 597
512 609
512 756
512 774
512 1217
512 1402
513 42
513 104
513 200
513 245
513 352
513 362
513 467
513 598
513 709
513 717
513 837
513 944
513 987
513 992
513 1248
513 1355
513 1427
515 23
515 60
515 94
515 171
515 187
515 323
515 401
515 474
515 527
515 599
515 632
515 646
515 666
515 688
515 832
515 902
515 914
515 919
515 1338
516 340
516 1257
517 22
517 139
517 162
517 217
517 258
517 361
517 420
517 422
517 466
517 492
517 590
517 597
517 600
517 697
517 830
517 1286
517 1407
518 153
518 234
518 399
518 587
518 635
518 678
518 743
518 856
518 965
518 1149
518 1238
518 1366
518 1400
518 1437
519 39
519 141
519 142
519 169
519 185
519 259
519 267
519 408
519 569
519 592
519 724
519 782
519 880
519 1070
519 1127
519 1182
519 1215
519 1322
519 1342
520 319
520 974
521 167
521 853
521 1334
522 26
522 132
522 147
522 253
522 263
522 264
522 305
522 374
522 456
522 490
522 726
522 851
522 895
522 1072
522 1176
522 1216
522 1413
522 1447
523 227
523 396
524 39
524 341
524 403
524 411
524 1161
524 1189
524 1229
524 1245
524 1397
525 299
525 406
525 729
525 857
525 887
525 897
525 939
525 978
525 1021
525 1103
525 1174
525 1233
525 1270
525 1280
525 1288
525 1338
525 1364
525 1392
526 97
526 216
526 229
526 270
526 342
526 395
526 480
526 602
526 794
526 945
526 953
526 954
526 999
526 1023
526 1042
526 1062
526 1099
526 1110
526 1351
527 23
527 114
527 134
527 155
527 180
527 213
527 246
527 323
527 340
527 348
527 401
527 646
527 689
527 817
527 832
527 847
527 914
527 1253
527 1357
527 1376
528 112
528 726
528 1344
529 383
529 1283
531 25
531 65
531 119
531 133
531 180
531 207
531 244
531 259
531 365
531 546
531 666
531 700
531 704
531 772
531 782
531 792
531 880
531 911
531 972
531 1006
531 1085
531 1109
531 1166
531 1245
531 1314
531 1323
531 1390
532 456
532 926
533 16
533 60
533 98
533 102
533 121
533 161
533 180
533 181
533 185
533 211
533 231
533 248
533 257
533 294
533 316
533 347
533 384
533 387
533 402
533 408
533 452
533 474
533 487
533 495
533 511
533 559
533 566
533 572
533 613
533 643
533 661
533 666
533 679
533 682
533 688
533 696
533 729
533 782
533 808
533 815
533 911
533 916
533 977
533 1021
533 1066
533 1092
533 1098
533 1185
533 1189
533 1225
533 1226
533 1230
533 1253
533 1298
533 1308
533 1324
533 1332
533 1353
533 1358
533 1381
533 1419
534 161
534 177
534 259
534 398
534 643
534 646
534 667
534 724
534 780
534 886
534 1029
534 1157
534 1208
534 1221
535 20
535 68
535 78
535 83
535 89
535 97
535 126
535 147
535 227
535 243
535 273
535 279
535 301
535 338
535 401
535 410
535 431
535 432
535 471
535 543
535 553
535 595
535 622
535 639
535 650
535 669
535 670
535 690
535 722
535 749
535 784
535 816
535 832
535 850
535 894
535 901
535 913
535 927
535 968
535 969
535 975
535 1002
535 1010
535 1022
535 1025
535 1028
535 1036
535 1056
535 1100
535 1141
535 1183
535 1198
535 1247
535 1303
535 1310
535 1347
535 1350
535 1373
535 1386
535 1440
536 718
536 1080
536 1242
537 74
537 113
537 168
537 214
537 233
537 262
537 300
537 408
537 418
537 462
537 493
537 497
537 559
537 606
537 614
537 666
537 801
537 1084
537 1188
537 1249
537 1253
537 1280
537 1347
537 1430
537 1434
538 22
538 71
538 128
538 140
538 196
538 203
538 217
538 219
538 274
538 288
538 289
538 361
538 394
538 420
538 600
538 641
538 648
538 986
538 1055
538 1097
538 1286
538 1319
538 1348
538 1399
539 6
539 42
539 45
539 104
539 147
539 200
539 278
539 333
539 343
539 352
539 372
539 410
539 441
539 467
539 491
539 513
539 598
539 622
539 634
539 639
539 837
539 868
539 877
539 898
539 944
539 1009
539 1086
539 1101
539 1126
539 1152
539 1169
539 1191
539 1275
539 1354
539 1409
539 1413
539 1427
539 1433
540 78
540 97
540 237
540 273
540 307
540 401
540 410
540 471
540 535
540 595
540 650
540 669
540 750
540 763
540 816
540 976
540 1116
540 1141
540 1150
540 1183
540 1266
540 1440
541 46
541 58
541 84
541 122
541 164
541 165
541 173
541 311
541 397
541 415
541 458
541 549
541 564
541 586
541 663
541 774
541 1177
541 1186
541 1217
541 1301
541 1321
542 32
542 1233
543 43
543 62
543 68
543 83
543 97
543 126
543 147
543 153
543 225
543 243
543 279
543 301
543 310
543 317
543 338
543 368
543 409
543 410
543 431
543 432
543 467
543 470
543 471
543 474
543 535
543 540
543 551
543 584
543 595
543 622
543 630
543 639
543 650
543 669
543 670
543 690
543 691
543 722
543 738
543 749
543 750
543 784
543 807
543 811
543 813
543 816
543 832
543 868
543 894
543 901
543 913
543 927
543 952
543 968
543 969
543 975
543 976
543 998
543 1010
543 1014
543 1022
543 1028
543 1056
543 1066
543 1100
543 1104
543 1116
543 1130
543 1132
543 1141
543 1150
543 1241
543 1247
543 1346
543 1347
543 1350
543 1361
543 1373
543 1386
543 1403
543 1433
543 1445
544 451
545 79
545 105
545 190
545 219
545 258
545 283
545 288
545 394
545 454
545 486
545 597
545 703
545 710
545 762
545 959
545 986
545 1081
545 1143
545 1367
545 1372
546 75
546 151
546 218
546 299
546 322
546 621
546 643
546 652
546 666
546 700
546 772
546 775
546 782
546 816
546 880
546 897
546 1120
546 1128
546 1166
546 1288
546 1313
546 1314
546 1325
546 1338
546 1364
546 1375
546 1408
547 17
547 100
547 107
547 174
547 201
547 218
547 337
547 408
547 699
547 915
547 1019
547 1026
547 1124
547 1269
547 1381
547 1435
548 223
548 258
548 289
548 419
548 442
548 461
548 464
548 482
548 488
548 489
548 597
548 648
548 697
548 703
548 731
548 761
548 831
548 845
548 986
548 995
548 1001
548 1027
548 1276
548 1297
548 1329
548 1396
549 173
549 198
549 243
549 269
549 311
549 346
549 349
549 415
549 501
549 512
549 556
549 663
549 791
549 958
549 1003
549 1034
549 1067
549 1177
549 1186
549 1217
549 1368
549 1401
549 1402
550 69
550 385
550 481
550 548
550 759
550 986
550 1033
550 1153
550 1203
550 1329
550 1396
551 153
551 310
551 317
551 470
551 543
551 630
551 726
551 811
551 1014
551 1066
551 1361
552 225
552 237
552 243
552 279
552 338
552 374
552 401
552 409
552 410
552 431
552 467
552 471
552 535
552 543
552 553
552 627
552 650
552 691
552 750
552 816
552 832
552 843
552 868
552 872
552 913
552 925
552 968
552 976
552 1022
552 1028
552 1036
552 1056
552 1100
552 1130
552 1183
552 1341
552 1347
552 1350
553 33
553 83
553 89
553 147
553 228
553 230
553 307
553 409
553 410
553 431
553 471
553 535
553 543
553 622
553 627
553 639
553 650
553 669
553 690
553 691
553 722
553 738
553 816
553 868
553 894
553 928
553 1010
553 1052
553 1100
553 1116
553 1247
553 1303
553 1347
553 1350
553 1373
553 1440
554 472
554 776
554 825
554 1058
554 1069
554 1231
554 1295
554 1443
555 23
555 94
555 155
555 171
555 187
555 238
555 348
555 401
555 515
555 527
555 599
555 646
555 666
555 902
555 919
555 967
555 1338
555 1353
555 1376
556 122
556 164
556 243
556 311
556 407
556 416
556 501
556 512
556 593
556 756
556 774
556 791
556 1003
556 1217
556 1401
556 1402
557 417
557 594
557 883
557 1265
558 49
558 250
558 258
558 288
558 289
558 356
558 424
558 445
558 481
558 755
558 861
558 875
558 1001
558 1195
558 1348
559 39
559 180
559 231
559 233
559 294
559 300
559 387
559 418
559 425
559 462
559 474
559 493
559 495
559 497
559 533
559 537
559 614
559 643
559 666
559 679
559 729
559 782
559 977
559 1021
559 1026
559 1092
559 1103
559 1171
559 1185
559 1188
559 1225
559 1230
559 1249
559 1253
559 1308
559 1332
559 1353
559 1358
559 1419
560 88
560 127
560 219
560 283
560 321
560 477
560 573
560 762
560 831
560 956
560 959
560 981
560 986
560 1097
560 1143
561 250
561 258
561 266
561 353
561 394
561 502
561 506
561 677
561 697
561 753
561 755
561 766
561 845
561 1167
561 1195
561 1251
561 1271
561 1286
561 1319
561 1348
562 82
562 345
562 1094
563 30
563 84
563 170
563 240
563 265
563 410
563 447
563 456
563 468
563 484
563 586
563 637
563 914
563 920
563 943
563 997
563 1123
563 1138
563 1211
563 1263
563 1292
563 1307
563 1320
563 1326
563 1388
564 28
564 33
564 37
564 43
564 46
564 55
564 83
564 122
564 125
564 147
564 173
564 198
564 227
564 230
564 239
564 243
564 269
564 279
564 330
564 389
564 397
564 410
564 416
564 431
564 535
564 541
564 553
564 570
564 586
564 650
564 653
564 671
564 690
564 695
564 722
564 732
564 749
564 750
564 763
564 774
564 804
564 832
564 850
564 868
564 869
564 914
564 927
564 968
564 976
564 982
564 1003
564 1022
564 1025
564 1034
564 1056
564 1067
564 1093
564 1100
564 1118
564 1186
564 1193
564 1216
564 1217
564 1235
564 1247
564 1285
564 1301
564 1303
564 1321
564 1346
564 1347
564 1368
564 1373
564 1401
564 1402
564 1440
565 496
565 846
565 1216
566 16
566 39
566 90
566 98
566 99
566 168
566 181
566 185
566 205
566 211
566 231
566 248
566 260
566 294
566 316
566 341
566 347
566 384
566 387
566 408
566 425
566 487
566 495
566 511
566 533
566 559
566 572
566 608
566 613
566 643
566 661
566 679
566 682
566 688
566 696
566 707
566 729
566 737
566 775
566 782
566 792
566 808
566 911
566 916
566 971
566 977
566 1021
566 1026
566 1066
566 1092
566 1098
566 1134
566 1171
566 1185
566 1226
566 1230
566 1253
566 1274
566 1298
566 1308
566 1324
566 1338
566 1353
566 1358
567 886
567 1254
568 18
568 80
568 289
568 394
568 664
568 753
568 755
568 777
568 1195
568 1271
568 1286
569 244
569 259
569 280
569 354
569 360
569 375
569 429
569 884
569 941
569 1082
569 1182
569 1342
569 1381
570 33
570 43
570 83
570 89
570 225
570 230
570 243
570 273
570 431
570 483
570 543
570 564
570 639
570 757
570 779
570 832
570 850
570 868
570 913
570 925
570 927
570 969
570 976
570 998
570 1022
570 1025
570 1100
570 1130
570 1141
570 1150
570 1303
570 1373
570 1386
571 239
571 251
571 343
571 410
571 644
571 1041
571 1094
572 16
572 39
572 60
572 90
572 98
572 99
572 102
572 106
572 168
572 171
572 180
572 181
572 191
572 201
572 231
572 248
572 257
572 260
572 316
572 341
572 347
572 384
572 425
572 429
572 436
572 446
572 452
572 487
572 495
572 524
572 533
572 559
572 608
572 613
572 661
572 666
572 679
572 688
572 733
572 760
572 808
572 815
572 911
572 961
572 971
572 977
572 1021
572 1026
572 1039
572 1061
572 1084
572 1092
572 1098
572 1103
572 1161
572 1171
572 1185
572 1189
572 1223
572 1228
572 1229
572 1230
572 1245
572 1253
572 1260
572 1267
572 1274
572 1298
572 1312
572 1324
572 1332
572 1335
572 1338
572 1358
572 1390
572 1419
573 88
573 219
573 321
573 762
573 956
573 986
573 1097
573 1143
575 178
575 277
575 437
575 595
575 701
575 717
575 768
575 829
575 990
575 1099
575 1340
575 1412
575 1444
576 105
576 176
576 190
576 250
576 258
576 283
576 394
576 426
576 454
576 486
576 545
576 703
576 710
576 828
576 831
576 959
576 1143
576 1195
576 1367
577 75
577 357
577 406
577 500
577 696
577 775
577 857
577 887
577 1021
577 1079
577 1103
577 1166
577 1174
577 1184
577 1233
577 1262
577 1392
578 595
578 752
578 988
579 359
580 140
580 183
580 235
580 249
580 250
580 258
580 274
580 286
580 394
580 648
580 693
580 828
580 831
580 861
580 962
580 1083
580 1122
580 1195
580 1214
580 1286
580 1348
581 823
582 180
582 295
582 711
582 1246
582 1280
583 27
583 49
583 80
583 250
583 258
583 282
583 356
583 445
583 558
583 664
583 755
583 861
583 875
583 980
583 1001
583 1175
583 1195
583 1286
583 1348
584 543
584 639
584 952
584 1104
584 1445
585 97
585 595
585 796
585 922
585 1172
585 1241
586 7
586 26
586 28
586 30
586 37
586 46
586 56
586 58
586 64
586 84
586 122
586 125
586 164
586 165
586 170
586 198
586 240
586 243
586 265
586 269
586 290
586 346
586 349
586 397
586 410
586 415
586 416
586 421
586 447
586 456
586 468
586 484
586 501
586 541
586 549
586 556
586 563
586 564
586 640
586 671
586 756
586 764
586 774
586 796
586 913
586 914
586 920
586 922
586 937
586 943
586 958
586 982
586 997
586 1003
586 1034
586 1068
586 1117
586 1123
586 1138
586 1177
586 1186
586 1211
586 1217
586 1307
586 1320
586 1321
586 1326
586 1337
586 1368
586 1388
586 1401
586 1402
586 1414
586 1417
587 153
587 184
587 209
587 234
587 399
587 518
587 635
587 678
587 743
587 805
587 1054
587 1095
587 1149
587 1238
587 1400
587 1437
588 95
588 97
588 253
588 399
588 460
588 728
588 1282
589 39
589 72
589 155
589 373
589 380
589 505
589 666
589 1007
589 1279
589 1316
589 1371
589 1404
590 139
590 140
590 162
590 212
590 250
590 258
590 281
590 289
590 361
590 394
590 492
590 517
590 538
590 548
590 597
590 648
590 812
590 841
590 893
590 984
590 1203
590 1210
590 1277
591 910
592 141
592 142
592 169
592 185
592 259
592 267
592 519
592 569
592 782
592 880
592 884
592 1070
592 1322
593 165
593 269
593 311
593 346
593 349
593 407
593 415
593 416
593 556
593 756
593 958
593 1402
594 883
594 1265
595 5
595 55
595 78
595 89
595 97
595 145
595 277
595 307
595 343
595 401
595 410
595 447
595 479
595 504
595 540
595 575
595 578
595 585
595 622
595 639
595 650
595 669
595 750
595 752
595 763
595 774
595 779
595 796
595 868
595 873
595 881
595 922
595 928
595 938
595 966
595 968
595 976
595 988
595 1020
595 1043
595 1091
595 1116
595 1130
595 1150
595 1183
595 1211
595 1241
595 1247
595 1255
595 1266
595 1299
595 1315
595 1398
595 1412
595 1438
597 53
597 69
597 79
597 87
597 111
597 139
597 140
597 162
597 203
597 223
597 250
597 258
597 289
597 361
597 377
597 394
597 419
597 422
597 442
597 454
597 486
597 488
597 512
597 517
597 590
597 609
597 693
597 697
597 710
597 721
597 838
597 861
597 959
597 981
597 986
597 1081
597 1097
597 1195
597 1210
597 1239
597 1262
597 1297
597 1372
598 42
598 104
598 147
598 166
598 200
598 227
598 245
598 333
598 343
598 352
598 362
598 368
598 410
598 435
598 467
598 513
598 539
598 639
598 709
598 717
598 740
598 837
598 944
598 987
598 992
598 1004
598 1086
598 1169
598 1190
598 1240
598 1241
598 1248
598 1355
598 1409
598 1413
598 1427
599 47
599 60
599 63
599 238
599 401
599 555
599 666
599 784
599 847
599 919
599 922
599 967
599 1041
599 1398
599 1405
600 22
600 71
600 140
600 162
600 328
600 394
600 466
600 492
600 597
600 648
600 697
600 830
600 986
600 1055
600 1097
600 1195
600 1210
600 1319
600 1330
600 1348
600 1399
600 1432
601 506
601 609
602 97
602 165
602 216
602 229
602 270
602 342
602 395
602 480
602 662
602 791
602 794
602 836
602 866
602 923
602 945
602 950
602 954
602 999
602 1023
602 1042
602 1110
602 1137
602 1139
602 1351
602 1437
603 250
603 1065
606 233
606 408
606 418
606 462
606 493
606 497
606 537
606 559
606 614
606 666
606 1185
606 1253
606 1347
606 1430
607 344
607 399
607 439
607 1301
608 4
608 16
608 51
608 90
608 102
608 106
608 180
608 185
608 201
608 211
608 231
608 248
608 252
608 257
608 272
608 297
608 316
608 336
608 341
608 355
608 382
608 384
608 398
608 402
608 404
608 452
608 474
608 487
608 495
608 497
608 511
608 533
608 559
608 566
608 613
608 643
608 673
608 682
608 688
608 719
608 733
608 734
608 744
608 782
608 815
608 824
608 838
608 899
608 911
608 1021
608 1026
608 1039
608 1091
608 1098
608 1133
608 1171
608 1185
608 1223
608 1225
608 1228
608 1234
608 1237
608 1253
608 1294
608 1298
608 1308
608 1324
608 1332
608 1335
608 1338
608 1353
608 1358
608 1360
608 1374
608 1396
608 1398
609 289
609 377
609 426
609 506
609 512
609 597
609 601
609 822
609 861
609 986
609 1239
609 1241
609 1418
610 286
610 289
610 506
610 648
610 755
610 777
610 861
610 1011
610 1049
610 1097
610 1178
610 1195
610 1271
610 1286
610 1319
610 1348
610 1399
611 928
611 1071
613 16
613 39
613 60
613 90
613 98
613 106
613 121
613 161
613 168
613 180
613 181
613 201
613 248
613 257
613 260
613 316
613 341
613 347
613 408
613 425
613 440
613 452
613 487
613 495
613 533
613 572
613 608
613 643
613 661
613 666
613 679
613 682
613 688
613 696
613 707
613 729
613 733
613 775
613 782
613 808
613 911
613 916
613 971
613 1021
613 1026
613 1092
613 1103
613 1171
613 1185
613 1189
613 1223
613 1226
613 1228
613 1230
613 1274
613 1335
613 1338
613 1353
614 25
614 65
614 119
614 187
614 197
614 218
614 322
614 367
614 408
614 493
614 497
614 546
614 621
614 666
614 700
614 704
614 713
614 741
614 782
614 880
614 911
614 1084
614 1109
614 1120
614 1157
614 1245
614 1253
614 1323
614 1338
615 69
615 149
615 183
615 261
615 289
615 328
615 498
615 506
615 507
615 771
615 890
615 955
615 986
615 1049
615 1271
615 1319
615 1385
616 135
616 245
616 459
616 791
616 1113
616 1370
620 11
620 1369
621 75
621 119
621 133
621 180
621 187
621 218
621 244
621 259
621 322
621 365
621 476
621 493
621 531
621 546
621 614
621 652
621 666
621 700
621 704
621 713
621 767
621 782
621 880
621 972
621 1006
621 1120
621 1128
621 1166
621 1221
621 1245
621 1309
621 1314
621 1323
621 1338
621 1390
622 11
622 43
622 62
622 68
622 78
622 89
622 97
622 147
622 152
622 243
622 273
622 278
622 279
622 301
622 307
622 338
622 410
622 431
622 432
622 441
622 467
622 471
622 491
622 535
622 539
622 540
622 543
622 595
622 639
622 650
622 670
622 690
622 691
622 694
622 738
622 750
622 763
622 779
622 784
622 804
622 816
622 832
622 843
622 877
622 894
622 901
622 909
622 927
622 968
622 976
622 998
622 1020
622 1022
622 1056
622 1100
622 1101
622 1118
622 1126
622 1130
622 1150
622 1152
622 1183
622 1240
622 1241
622 1275
622 1333
622 1354
622 1373
622 1386
622 1422
622 1440
624 9
624 57
624 317
624 497
624 660
624 1406
624 1429
626 201
626 244
626 263
626 366
626 443
626 639
626 823
626 952
626 1132
626 1256
626 1307
626 1320
626 1343
626 1433
627 62
627 68
627 89
627 97
627 225
627 228
627 237
627 243
627 374
627 535
627 552
627 622
627 650
627 750
627 779
627 804
627 850
627 872
627 928
627 1028
627 1052
627 1056
627 1130
627 1150
627 1241
627 1266
627 1310
627 1341
627 1386
627 1440
628 75
628 546
628 782
628 857
628 1103
628 1166
628 1270
628 1280
628 1313
630 310
630 317
630 470
630 543
630 551
630 639
630 726
630 811
630 922
630 1014
630 1066
630 1091
630 1361
630 1433
631 219
631 986
632 23
632 60
632 155
632 171
632 187
632 238
632 401
632 474
632 515
632 527
632 555
632 646
632 666
632 902
632 919
632 967
632 1038
632 1253
632 1338
632 1353
633 1013
633 1401
634 42
634 104
634 147
634 200
634 245
634 343
634 352
634 362
634 410
634 513
634 598
634 709
634 740
634 837
634 944
634 987
634 992
634 1004
634 1355
634 1413
634 1427
635 44
635 153
635 241
635 399
635 1238
635 1400
635 1437
636 1005
637 170
637 240
637 265
637 410
637 447
637 468
637 484
637 563
637 586
637 640
637 914
637 920
637 943
637 1123
637 1138
637 1292
637 1326
638 642
638 1424
639 26
639 42
639 97
639 104
639 130
639 132
639 147
639 166
639 200
639 201
639 225
639 244
639 253
639 263
639 273
639 279
639 301
639 305
639 333
639 352
639 366
639 374
639 409
639 410
639 443
639 447
639 450
639 467
639 490
639 504
639 522
639 535
639 540
639 543
639 552
639 553
639 584
639 595
639 598
639 626
639 630
639 650
639 674
639 691
639 717
639 726
639 738
639 749
639 774
639 784
639 816
639 823
639 833
639 837
639 843
639 850
639 851
639 872
639 895
639 922
639 925
639 927
639 928
639 952
639 966
639 992
639 1004
639 1022
639 1056
639 1072
639 1074
639 1086
639 1091
639 1099
639 1104
639 1130
639 1132
639 1172
639 1176
639 1190
639 1216
639 1248
639 1256
639 1303
639 1307
639 1320
639 1343
639 1346
639 1386
639 1389
639 1409
639 1413
639 1417
639 1427
639 1433
639 1440
639 1445
640 30
640 84
640 170
640 210
640 456
640 468
640 484
640 563
640 586
640 914
640 920
640 943
640 997
640 1138
640 1320
640 1326
640 1388
641 4
641 87
641 162
641 196
641 203
641 217
641 219
641 250
641 274
641 288
641 289
641 321
641 328
641 394
641 420
641 422
641 466
641 668
641 697
641 841
641 986
641 1097
641 1210
641 1330
641 1348
641 1407
641 1432
642 7
642 56
642 64
642 112
642 148
642 230
642 276
642 290
642 447
642 467
642 528
642 586
642 638
642 1101
642 1187
642 1336
642 1337
642 1344
642 1362
642 1398
642 1405
642 1417
642 1424
643 8
643 21
643 25
643 39
643 75
643 90
643 110
643 146
643 161
643 168
643 177
643 180
643 205
643 231
643 252
643 260
643 294
643 312
643 336
643 355
643 387
643 404
643 425
643 440
643 474
643 494
643 534
643 572
643 608
643 613
643 652
643 666
643 673
643 679
643 685
643 724
643 729
643 737
643 780
643 782
643 792
643 880
643 886
643 903
643 971
643 973
643 977
643 1029
643 1090
643 1091
643 1112
643 1170
643 1189
643 1220
643 1221
643 1225
643 1226
643 1234
643 1236
643 1237
643 1267
643 1274
643 1308
643 1324
643 1335
643 1338
643 1342
643 1353
643 1358
643 1360
643 1381
643 1397
643 1398
644 343
644 571
644 1041
645 97
645 1087
646 23
646 60
646 94
646 114
646 134
646 155
646 171
646 180
646 187
646 238
646 259
646 323
646 340
646 348
646 474
646 515
646 527
646 534
646 555
646 632
646 666
646 667
646 688
646 689
646 780
646 783
646 817
646 832
646 847
646 886
646 902
646 914
646 919
646 932
646 1157
646 1185
646 1208
646 1221
646 1253
646 1338
646 1353
646 1357
646 1376
648 71
648 88
648 139
648 140
648 162
648 183
648 203
648 235
648 249
648 250
648 258
648 274
648 286
648 289
648 308
648 328
648 361
648 394
648 442
648 461
648 492
648 498
648 506
648 517
648 548
648 590
648 597
648 610
648 641
648 693
648 697
648 755
648 830
648 831
648 861
648 924
648 962
648 985
648 1049
648 1055
648 1065
648 1073
648 1083
648 1097
648 1122
648 1178
648 1195
648 1201
648 1210
648 1214
648 1271
648 1286
648 1319
648 1348
648 1399
649 39
649 280
649 1059
649 1189
650 43
650 68
650 78
650 89
650 147
650 178
650 228
650 237
650 243
650 273
650 279
650 301
650 338
650 401
650 409
650 410
650 431
650 467
650 471
650 474
650 535
650 540
650 543
650 595
650 622
650 639
650 690
650 691
650 705
650 717
650 722
650 738
650 750
650 763
650 779
650 784
650 816
650 832
650 843
650 872
650 881
650 909
650 922
650 925
650 927
650 968
650 969
650 976
650 990
650 1020
650 1022
650 1052
650 1056
650 1099
650 1116
650 1130
650 1150
650 1183
650 1211
650 1247
650 1303
650 1346
650 1350
650 1398
650 1440
650 1444
651 250
651 258
651 289
651 358
651 394
651 419
651 464
651 488
651 548
651 597
651 731
651 908
651 964
651 986
651 1001
651 1297
651 1300
652 75
652 119
652 133
652 207
652 218
652 493
652 621
652 643
652 666
652 700
652 880
652 1120
652 1128
652 1261
652 1338
653 55
653 147
653 330
653 389
653 564
653 695
653 914
653 1034
653 1093
653 1193
653 1235
653 1285
653 1328
655 258
655 1131
657 96
657 227
657 305
657 979
658 146
658 643
659 405
659 735
659 778
659 854
659 1240
659 1349
660 9
660 315
660 317
660 497
660 1429
661 102
661 181
661 185
661 248
661 260
661 341
661 347
661 425
661 487
661 572
661 608
661 613
661 643
661 679
661 688
661 707
661 775
661 808
661 911
661 916
661 1026
661 1039
661 1092
661 1098
661 1171
661 1185
661 1228
661 1274
661 1324
661 1338
661 1353
661 1419
662 165
662 229
662 342
662 395
662 480
662 526
662 791
662 794
662 866
662 923
662 940
662 945
662 950
662 953
662 999
662 1013
662 1023
662 1042
662 1110
662 1139
662 1301
662 1351
663 28
663 37
663 46
663 84
663 122
663 164
663 165
663 173
663 198
663 349
663 397
663 415
663 416
663 458
663 549
663 564
663 586
663 791
663 796
663 913
663 982
663 1003
663 1186
663 1301
663 1321
663 1402
664 27
664 49
664 80
664 250
664 258
664 281
664 282
664 288
664 289
664 356
664 465
664 558
664 568
664 583
664 755
664 777
664 831
664 845
664 861
664 875
664 980
664 1001
664 1167
664 1175
664 1195
664 1271
664 1286
664 1348
665 215
665 773
665 1024
665 1240
666 3
666 39
666 60
666 94
666 106
666 114
666 119
666 136
666 155
666 180
666 187
666 201
666 213
666 231
666 244
666 257
666 259
666 294
666 316
666 322
666 340
666 341
666 348
666 365
666 367
666 380
666 393
666 401
666 403
666 408
666 425
666 428
666 440
666 462
666 469
666 487
666 493
666 495
666 497
666 524
666 559
666 572
666 599
666 606
666 613
666 614
666 621
666 643
666 646
666 652
666 679
666 688
666 733
666 767
666 782
666 792
666 849
666 880
666 902
666 907
666 919
666 932
666 967
666 971
666 1007
666 1017
666 1026
666 1098
666 1102
666 1103
666 1128
666 1161
666 1185
666 1188
666 1189
666 1223
666 1229
666 1245
666 1249
666 1258
666 1261
666 1267
666 1279
666 1324
666 1335
666 1338
666 1390
666 1397
666 1430
667 646
667 780
667 886
667 1208
667 1221
668 4
668 92
668 203
668 217
668 219
668 250
668 254
668 258
668 394
668 420
668 454
668 597
668 830
668 1055
668 1195
668 1284
668 1286
668 1296
668 1330
668 1331
668 1348
668 1399
668 1407
669 20
669 43
669 243
669 279
669 535
669 595
669 622
669 749
669 816
669 832
669 968
669 1052
669 1118
669 1141
669 1241
669 1255
669 1266
669 1303
670 68
670 97
670 243
670 273
670 279
670 410
670 431
670 483
670 540
670 543
670 622
670 639
670 650
670 690
670 691
670 763
670 784
670 832
670 894
670 909
670 913
670 925
670 928
670 968
670 998
670 1022
670 1025
670 1118
670 1150
670 1255
670 1266
670 1386
671 46
671 58
671 164
671 165
671 243
671 349
671 397
671 410
671 416
671 458
671 501
671 541
671 663
671 764
671 796
671 1003
671 1067
671 1117
671 1186
671 1301
671 1368
671 1402
671 1414
672 1240
673 4
673 51
673 168
673 252
673 272
673 297
673 336
673 382
673 643
673 719
673 824
673 838
673 1091
673 1237
673 1374
673 1396
673 1398
674 26
674 147
674 253
674 263
674 305
674 490
674 895
675 244
675 341
675 408
675 495
675 666
675 679
675 688
675 782
675 902
675 961
675 1189
676 314
676 324
676 386
676 472
676 786
676 787
676 836
677 38
677 70
677 250
677 258
677 286
677 353
677 394
677 506
677 706
677 753
677 755
677 766
677 809
677 861
677 1063
677 1195
677 1251
677 1271
677 1286
677 1319
678 153
678 234
678 399
678 518
678 587
678 635
678 743
678 1238
678 1400
679 17
679 32
679 39
679 60
679 98
679 121
679 161
679 168
679 174
679 180
679 185
679 201
679 218
679 244
679 248
679 294
679 316
679 337
679 341
679 387
679 402
679 408
679 425
679 440
679 487
679 495
679 511
679 533
679 559
679 566
679 572
679 608
679 613
679 661
679 666
679 675
679 682
679 688
679 696
679 699
679 733
679 744
679 782
679 808
679 815
679 858
679 886
679 902
679 911
679 916
679 961
679 971
679 1021
679 1026
679 1039
679 1066
679 1084
679 1098
679 1103
679 1124
679 1171
679 1189
679 1223
679 1226
679 1230
679 1267
679 1269
679 1274
679 1308
679 1332
679 1335
679 1338
679 1358
679 1419
679 1421
679 1428
681 1240
682 16
682 39
682 181
682 231
682 260
682 294
682 316
682 341
682 347
682 408
682 425
682 440
682 452
682 487
682 511
682 533
682 559
682 566
682 661
682 679
682 688
682 741
682 744
682 815
682 971
682 1021
682 1026
682 1092
682 1134
682 1171
682 1185
682 1226
682 1230
682 1274
682 1308
682 1324
682 1338
682 1358
685 110
685 312
685 643
685 1090
685 1342
687 221
687 765
688 16
688 39
688 60
688 90
688 102
688 106
688 114
688 121
688 134
688 155
688 161
688 180
688 185
688 201
688 205
688 213
688 222
688 231
688 244
688 246
688 248
688 257
688 260
688 294
688 316
688 323
688 341
688 348
688 402
688 408
688 440
688 452
688 474
688 475
688 487
688 495
688 527
688 533
688 559
688 566
688 572
688 608
688 613
688 646
688 666
688 675
688 679
688 696
688 707
688 733
688 737
688 782
688 808
688 815
688 817
688 832
688 847
688 902
688 907
688 911
688 914
688 961
688 971
688 1021
688 1026
688 1038
688 1039
688 1084
688 1098
688 1103
688 1134
688 1171
688 1185
688 1189
688 1223
688 1230
688 1253
688 1267
688 1308
688 1324
688 1335
688 1338
688 1353
688 1358
689 134
689 155
689 171
689 180
689 213
689 238
689 348
689 474
689 515
689 632
689 646
689 666
689 847
689 919
689 932
689 1084
689 1253
689 1353
689 1357
690 43
690 62
690 68
690 78
690 83
690 89
690 97
690 147
690 228
690 230
690 243
690 273
690 279
690 301
690 338
690 410
690 432
690 467
690 471
690 535
690 540
690 543
690 570
690 595
690 622
690 639
690 650
690 669
690 670
690 738
690 749
690 763
690 779
690 784
690 804
690 816
690 832
690 850
690 872
690 894
690 901
690 909
690 925
690 928
690 976
690 1010
690 1020
690 1022
690 1036
690 1052
690 1100
690 1116
690 1118
690 1150
690 1183
690 1241
690 1247
690 1255
690 1266
690 1303
690 1310
690 1346
690 1347
690 1440
691 147
691 225
691 243
691 273
691 409
691 471
691 552
691 553
691 627
691 639
691 750
691 816
691 832
691 843
691 872
691 894
691 925
691 927
691 928
691 968
691 1020
691 1028
691 1052
691 1056
691 1183
691 1341
693 88
693 140
693 183
693 190
693 235
693 250
693 258
693 286
693 289
693 394
693 454
693 486
693 506
693 648
693 828
693 830
693 831
693 838
693 861
693 959
693 981
693 1081
693 1083
693 1122
693 1195
693 1214
693 1286
693 1287
693 1348
693 1372
694 441
694 539
694 877
694 1101
694 1126
694 1354
695 55
695 147
695 330
695 389
695 653
695 803
695 1034
695 1093
695 1193
695 1285
695 1328
696 75
696 98
696 102
696 201
696 211
696 257
696 294
696 316
696 406
696 408
696 425
696 440
696 487
696 511
696 525
696 533
696 566
696 572
696 577
696 608
696 613
696 682
696 775
696 782
696 808
696 857
696 887
696 897
696 911
696 978
696 1021
696 1026
696 1077
696 1092
696 1098
696 1103
696 1174
696 1228
696 1230
696 1262
696 1280
696 1308
696 1324
696 1338
696 1358
696 1392
697 4
697 53
697 69
697 70
697 71
697 111
697 128
697 139
697 140
697 162
697 203
697 212
697 250
697 258
697 266
697 282
697 288
697 289
697 361
697 394
697 420
697 492
697 506
697 517
697 548
697 561
697 590
697 597
697 648
697 703
697 742
697 753
697 755
697 845
697 861
697 875
697 934
697 963
697 986
697 1097
697 1167
697 1195
697 1210
697 1214
697 1271
697 1286
697 1319
697 1348
697 1385
697 1441
698 334
698 776
699 17
699 174
699 201
699 337
699 915
699 1269
699 1332
699 1428
700 25
700 75
700 187
700 218
700 476
700 546
700 621
700 643
700 652
700 792
700 880
700 1120
700 1128
700 1157
700 1309
700 1314
700 1338
700 1390
701 178
701 437
701 575
701 650
701 717
701 829
701 990
701 1099
701 1444
702 802
702 1021
703 79
703 88
703 105
703 190
703 212
703 250
703 258
703 394
703 454
703 486
703 545
703 548
703 597
703 693
703 697
703 721
703 742
703 762
703 861
703 959
703 963
703 986
703 1097
703 1143
703 1195
703 1367
703 1385
703 1441
704 3
704 25
704 39
704 75
704 114
704 180
704 187
704 207
704 218
704 322
704 367
704 391
704 423
704 429
704 476
704 546
704 643
704 666
704 700
704 713
704 714
704 741
704 772
704 782
704 911
704 1006
704 1085
704 1109
704 1120
704 1189
704 1245
704 1314
704 1338
704 1442
705 595
705 650
705 881
705 1211
705 1398
706 18
706 250
706 258
706 266
706 282
706 289
706 308
706 394
706 568
706 664
706 753
706 755
706 766
706 777
706 809
706 861
706 875
706 1063
706 1195
706 1271
706 1286
706 1319
706 1348
706 1415
707 60
707 102
707 106
707 168
707 181
707 231
707 257
707 260
707 347
707 425
707 487
707 559
707 613
707 661
707 666
707 688
707 696
707 733
707 775
707 808
707 815
707 916
707 1026
707 1098
707 1171
707 1228
707 1274
707 1308
708 868
709 42
709 147
709 166
709 245
709 333
709 539
709 717
709 1413
710 79
710 127
710 176
710 190
710 250
710 255
710 261
710 283
710 394
710 545
710 576
710 597
710 703
710 762
710 831
710 838
710 959
710 981
710 986
710 1143
710 1195
710 1287
710 1367
711 180
711 295
711 582
711 1084
711 1259
711 1280
712 59
712 979
713 25
713 39
713 133
713 197
713 259
713 365
713 423
713 476
713 531
713 546
713 621
713 767
713 772
713 782
713 792
713 972
713 1120
713 1128
713 1221
713 1245
713 1261
713 1309
713 1314
713 1323
713 1390
714 32
714 171
714 429
714 503
714 704
714 790
714 792
714 816
715 118
715 172
715 263
715 287
715 421
715 736
715 779
715 788
715 1123
715 1290
715 1305
715 1317
715 1361
715 1382
715 1398
716 309
716 835
716 1090
717 40
717 76
717 104
717 147
717 166
717 251
717 343
717 362
717 410
717 437
717 513
717 598
717 639
717 650
717 701
717 709
717 882
717 987
717 990
717 1091
717 1099
717 1248
717 1409
717 1413
717 1444
718 536
718 1242
719 4
719 51
719 168
719 272
719 297
719 336
719 355
719 398
719 404
719 497
719 608
719 643
719 673
719 734
719 824
719 838
719 1133
719 1294
719 1374
719 1396
720 2
720 180
720 453
720 727
720 741
720 1342
721 79
721 219
721 426
721 454
721 486
721 693
721 703
721 838
721 959
721 1081
721 1372
722 62
722 68
722 147
722 225
722 237
722 243
722 279
722 301
722 401
722 409
722 410
722 431
722 432
722 471
722 535
722 622
722 650
722 690
722 749
722 750
722 832
722 913
722 927
722 928
722 968
722 1020
722 1022
722 1025
722 1028
722 1052
722 1100
722 1118
722 1130
722 1247
722 1255
722 1346
722 1347
723 206
723 456
723 1289
724 25
724 85
724 119
724 133
724 141
724 161
724 169
724 177
724 180
724 185
724 197
724 244
724 259
724 267
724 365
724 367
724 423
724 476
724 493
724 534
724 592
724 621
724 643
724 780
724 782
724 792
724 878
724 880
724 886
724 960
724 1006
724 1029
724 1070
724 1102
724 1119
724 1120
724 1127
724 1166
724 1182
724 1215
724 1245
724 1268
724 1309
724 1322
724 1323
725 66
725 479
725 799
725 947
726 26
726 97
726 112
726 118
726 120
726 130
726 147
726 148
726 153
726 230
726 253
726 263
726 305
726 310
726 315
726 317
726 327
726 374
726 421
726 447
726 456
726 470
726 490
726 504
726 522
726 528
726 543
726 551
726 585
726 595
726 630
726 639
726 642
726 674
726 715
726 736
726 774
726 779
726 796
726 811
726 813
726 833
726 895
726 922
726 966
726 1014
726 1041
726 1066
726 1072
726 1091
726 1172
726 1241
726 1290
726 1305
726 1317
726 1344
726 1361
726 1362
726 1382
726 1391
726 1398
726 1433
726 1447
727 2
727 180
727 720
727 1342
728 95
728 97
728 253
728 399
728 460
728 588
728 1282
729 39
729 75
729 90
729 94
729 99
729 121
729 180
729 185
729 205
729 231
729 294
729 341
729 387
729 406
729 425
729 474
729 511
729 525
729 546
729 572
729 628
729 661
729 666
729 679
729 737
729 775
729 782
729 792
729 806
729 815
729 887
729 897
729 939
729 977
729 1021
729 1026
729 1084
729 1103
729 1120
729 1171
729 1185
729 1225
729 1233
729 1270
729 1288
729 1313
729 1332
729 1335
729 1338
729 1353
729 1381
729 1392
731 223
731 250
731 258
731 289
731 358
731 442
731 464
731 488
731 548
731 908
731 1001
731 1297
732 55
732 147
732 239
732 564
732 653
732 695
732 803
732 815
732 869
732 914
732 1034
732 1093
732 1193
732 1235
732 1328
733 39
733 106
733 180
733 201
733 231
733 257
733 408
733 425
733 440
733 487
733 566
733 572
733 608
733 643
733 688
733 815
733 911
733 971
733 1021
733 1103
733 1223
733 1225
733 1230
733 1267
733 1308
733 1324
733 1335
733 1338
734 4
734 51
734 168
734 252
734 272
734 297
734 336
734 355
734 398
734 404
734 497
734 608
734 643
734 673
734 719
734 824
734 838
734 1091
734 1234
734 1294
734 1374
735 659
735 776
735 896
735 1240
735 1349
736 10
736 120
736 172
736 192
736 221
736 263
736 287
736 421
736 715
736 726
736 779
736 788
736 798
736 994
736 1041
736 1123
736 1290
736 1305
736 1361
736 1382
736 1398
736 1433
737 39
737 60
737 90
737 99
737 161
737 180
737 205
737 231
737 257
737 294
737 347
737 425
737 474
737 566
737 679
737 688
737 815
737 977
737 1026
737 1039
737 1098
737 1103
737 1171
737 1189
737 1225
737 1253
737 1267
737 1335
737 1338
737 1353
737 1358
737 1381
738 147
738 225
738 279
738 301
738 409
738 410
738 467
738 483
738 553
738 627
738 639
738 650
738 691
738 784
738 816
738 832
738 843
738 909
738 925
738 969
738 975
738 1020
738 1022
738 1118
738 1183
738 1241
738 1346
738 1386
740 42
740 104
740 147
740 156
740 200
740 352
740 362
740 513
740 598
740 634
740 717
740 837
740 944
740 992
740 1355
740 1413
740 1427
741 2
741 25
741 39
741 75
741 180
741 187
741 207
741 218
741 244
741 259
741 322
741 367
741 429
741 453
741 493
741 546
741 621
741 643
741 682
741 700
741 713
741 720
741 724
741 727
741 772
741 880
741 886
741 911
741 1120
741 1128
741 1185
741 1245
741 1304
741 1338
741 1342
741 1378
742 212
742 250
742 258
742 703
742 861
742 963
742 1097
742 1385
742 1441
743 153
743 234
743 399
743 635
743 1054
743 1238
743 1400
744 39
744 98
744 121
744 181
744 185
744 231
744 294
744 316
744 341
744 384
744 402
744 408
744 533
744 559
744 679
744 696
744 775
744 782
744 815
744 1021
744 1026
744 1039
744 1066
744 1084
744 1092
744 1098
744 1185
744 1226
744 1228
744 1230
744 1298
744 1308
744 1324
744 1358
745 153
745 236
745 846
745 1101
745 1140
746 1196
746 1348
747 24
747 754
747 1244
748 334
748 343
748 410
748 863
748 1154
748 1248
749 68
749 78
749 147
749 243
749 410
749 471
749 474
749 535
749 543
749 552
749 564
749 670
749 690
749 779
749 816
749 868
749 894
749 927
749 968
749 969
749 975
749 998
749 1028
749 1036
749 1056
749 1100
749 1116
749 1350
749 1386
750 20
750 33
750 43
750 68
750 83
750 89
750 147
750 228
750 230
750 237
750 243
750 279
750 307
750 338
750 374
750 410
750 431
750 471
750 474
750 483
750 535
750 540
750 543
750 564
750 570
750 622
750 627
750 650
750 669
750 670
750 690
750 722
750 749
750 757
750 804
750 816
750 843
750 854
750 868
750 872
750 901
750 925
750 927
750 928
750 968
750 975
750 976
750 998
750 1010
750 1020
750 1025
750 1028
750 1052
750 1056
750 1118
750 1130
750 1141
750 1183
750 1241
750 1247
750 1341
750 1347
750 1350
750 1373
751 69
751 454
752 578
752 595
752 988
753 18
753 38
753 70
753 80
753 250
753 258
753 266
753 282
753 289
753 308
753 353
753 394
753 502
753 506
753 568
753 664
753 677
753 755
753 777
753 809
753 861
753 875
753 1063
753 1167
753 1195
753 1271
753 1286
753 1319
753 1348
753 1415
754 24
754 368
754 456
754 747
754 1244
755 18
755 27
755 38
755 49
755 70
755 80
755 88
755 250
755 258
755 281
755 282
755 286
755 288
755 289
755 308
755 328
755 356
755 394
755 424
755 445
755 465
755 481
755 502
755 506
755 558
755 561
755 568
755 583
755 610
755 648
755 664
755 677
755 697
755 753
755 766
755 777
755 809
755 831
755 861
755 875
755 980
755 1001
755 1011
755 1049
755 1063
755 1073
755 1097
755 1111
755 1167
755 1175
755 1178
755 1195
755 1251
755 1271
755 1286
755 1319
755 1348
755 1399
755 1415
756 26
756 46
756 122
756 243
756 311
756 349
756 407
756 415
756 416
756 458
756 501
756 593
756 774
756 791
756 1177
756 1197
756 1243
757 33
757 43
757 83
757 89
757 97
757 225
757 230
757 301
757 410
757 431
757 432
757 471
757 483
757 535
757 553
757 564
757 570
757 650
757 669
757 750
757 804
757 850
757 901
757 928
757 998
757 1010
757 1020
757 1025
757 1036
757 1056
757 1130
757 1141
757 1255
757 1266
757 1303
757 1347
759 69
759 550
760 171
760 191
760 429
760 436
760 572
760 862
760 911
760 1061
760 1189
760 1260
760 1390
761 464
761 548
761 845
761 986
762 79
762 88
762 105
762 127
762 190
762 219
762 250
762 256
762 258
762 261
762 283
762 394
762 454
762 486
762 545
762 597
762 693
762 956
762 959
762 981
762 986
762 1027
762 1143
762 1367
762 1395
763 89
763 225
763 243
763 307
763 374
763 401
763 410
763 471
763 669
763 690
763 750
763 779
763 816
763 832
763 850
763 854
763 968
763 1028
763 1056
763 1116
763 1118
763 1183
763 1255
763 1266
764 46
764 58
764 125
764 165
764 173
764 198
764 269
764 349
764 397
764 415
764 416
764 541
764 556
764 564
764 586
764 671
764 756
764 774
764 1034
764 1068
764 1117
764 1177
764 1217
764 1301
764 1321
764 1402
764 1414
765 221
765 400
765 687
766 18
766 70
766 250
766 258
766 282
766 289
766 308
766 502
766 664
766 677
766 706
766 753
766 755
766 809
766 861
766 1063
766 1167
766 1251
766 1271
766 1286
766 1319
766 1348
766 1415
767 25
767 65
767 133
767 180
767 207
767 244
767 259
767 365
767 476
767 531
767 880
767 972
767 1006
767 1109
767 1221
767 1309
767 1314
767 1323
767 1338
767 1390
768 277
768 575
768 595
768 1412
769 313
769 331
769 371
769 871
769 1099
769 1183
770 93
770 1180
771 69
771 183
771 258
771 507
771 955
771 1195
771 1286
772 25
772 75
772 119
772 133
772 187
772 207
772 218
772 322
772 367
772 423
772 546
772 621
772 652
772 666
772 700
772 704
772 880
772 1128
772 1314
772 1338
773 215
773 496
773 508
773 665
773 1024
773 1051
773 1240
774 37
774 93
774 115
774 164
774 311
774 334
774 349
774 407
774 479
774 501
774 504
774 512
774 556
774 593
774 595
774 639
774 663
774 756
774 770
774 913
774 922
774 938
774 966
774 1003
774 1091
774 1180
774 1186
774 1217
774 1321
774 1401
774 1402
775 16
775 102
775 181
775 186
775 211
775 248
775 257
775 260
775 316
775 341
775 357
775 384
775 452
775 487
775 495
775 500
775 525
775 533
775 572
775 608
775 613
775 661
775 666
775 679
775 688
775 782
775 815
775 857
775 887
775 897
775 911
775 939
775 971
775 978
775 1021
775 1039
775 1079
775 1084
775 1092
775 1103
775 1166
775 1174
775 1184
775 1223
775 1262
775 1270
775 1274
775 1313
775 1324
775 1325
775 1332
775 1338
775 1392
775 1419
776 154
776 311
776 334
776 472
776 554
776 698
776 735
776 825
776 896
776 1058
776 1069
776 1295
776 1443
777 18
777 70
777 80
777 88
777 258
777 282
777 286
777 289
777 308
777 502
777 506
777 568
777 610
777 648
777 664
777 755
777 861
777 1011
777 1049
777 1073
777 1111
777 1178
777 1195
777 1271
777 1286
777 1319
777 1348
777 1399
778 405
778 659
778 854
778 1078
778 1142
779 83
779 97
779 118
779 120
779 147
779 172
779 192
779 243
779 263
779 273
779 287
779 421
779 553
779 622
779 650
779 669
779 736
779 750
779 763
779 784
779 788
779 798
779 816
779 832
779 854
779 968
779 994
779 1036
779 1056
779 1118
779 1183
779 1255
779 1266
779 1290
779 1305
779 1317
779 1361
779 1382
779 1398
779 1440
780 161
780 177
780 259
780 398
780 534
780 643
780 646
780 667
780 724
780 886
780 1029
780 1157
780 1185
780 1208
780 1221
780 1376
781 756
781 1197
781 1243
782 16
782 25
782 59
782 60
782 65
782 75
782 98
782 99
782 106
782 119
782 121
782 133
782 141
782 142
782 169
782 185
782 186
782 197
782 201
782 207
782 218
782 231
782 244
782 248
782 257
782 259
782 267
782 294
782 299
782 316
782 341
782 357
782 365
782 367
782 384
782 402
782 406
782 408
782 423
782 452
782 476
782 487
782 495
782 500
782 511
782 519
782 525
782 531
782 533
782 546
782 566
782 569
782 572
782 577
782 592
782 608
782 613
782 614
782 621
782 628
782 643
782 666
782 675
782 679
782 688
782 696
782 700
782 704
782 707
782 713
782 724
782 729
782 733
782 737
782 741
782 767
782 775
782 785
782 792
782 815
782 857
782 880
782 884
782 887
782 897
782 902
782 911
782 916
782 961
782 977
782 1006
782 1021
782 1039
782 1066
782 1070
782 1077
782 1079
782 1084
782 1085
782 1092
782 1098
782 1103
782 1109
782 1120
782 1127
782 1128
782 1157
782 1166
782 1171
782 1174
782 1182
782 1184
782 1185
782 1189
782 1215
782 1221
782 1223
782 1225
782 1230
782 1233
782 1245
782 1261
782 1262
782 1268
782 1274
782 1280
782 1288
782 1298
782 1308
782 1313
782 1322
782 1323
782 1324
782 1332
782 1338
782 1358
782 1364
782 1381
782 1392
783 646
783 886
783 1278
784 0
784 4
784 47
784 62
784 63
784 67
784 73
784 101
784 126
784 147
784 182
784 210
784 243
784 279
784 301
784 409
784 410
784 431
784 467
784 543
784 552
784 595
784 599
784 622
784 627
784 639
784 650
784 670
784 690
784 691
784 738
784 816
784 843
784 868
784 909
784 925
784 968
784 1022
784 1036
784 1041
784 1052
784 1056
784 1130
784 1155
784 1224
784 1266
784 1346
784 1350
784 1379
784 1388
784 1398
784 1405
785 25
785 119
785 197
785 259
785 367
785 423
785 493
785 621
785 643
785 713
785 724
785 782
785 792
785 878
785 880
785 972
785 1102
785 1109
785 1120
785 1157
785 1221
785 1245
785 1268
785 1309
785 1338
786 314
786 324
786 386
786 472
786 787
786 836
787 314
787 324
787 386
787 472
787 676
787 786
787 836
788 118
788 192
788 221
788 263
788 287
788 715
788 736
788 994
788 1290
788 1305
788 1361
788 1398
789 39
789 205
789 387
789 888
789 977
789 1339
790 171
790 429
790 503
790 714
790 816
791 26
791 46
791 84
791 97
791 135
791 164
791 165
791 216
791 229
791 243
791 245
791 270
791 342
791 346
791 349
791 395
791 415
791 416
791 459
791 480
791 526
791 541
791 556
791 564
791 586
791 602
791 662
791 671
791 794
791 796
791 836
791 866
791 913
791 923
791 937
791 940
791 945
791 950
791 953
791 958
791 999
791 1003
791 1042
791 1062
791 1067
791 1068
791 1099
791 1110
791 1113
791 1137
791 1139
791 1177
791 1301
791 1321
791 1351
791 1402
791 1414
791 1437
792 16
792 25
792 32
792 39
792 168
792 180
792 181
792 197
792 207
792 218
792 231
792 257
792 259
792 294
792 316
792 341
792 347
792 365
792 387
792 423
792 425
792 429
792 476
792 487
792 493
792 566
792 572
792 613
792 621
792 643
792 661
792 666
792 688
792 704
792 707
792 713
792 714
792 767
792 772
792 808
792 815
792 878
792 911
792 1021
792 1026
792 1066
792 1098
792 1102
792 1120
792 1134
792 1171
792 1185
792 1189
792 1221
792 1245
792 1309
792 1314
792 1323
792 1358
792 1381
794 216
794 229
794 270
794 342
794 395
794 480
794 602
794 662
794 866
794 923
794 945
794 953
794 954
794 1013
794 1023
794 1042
794 1062
794 1110
794 1139
794 1351
795 440
795 1223
796 26
796 46
796 58
796 97
796 122
796 125
796 164
796 165
796 243
796 311
796 349
796 410
796 447
796 458
796 512
796 541
796 549
796 556
796 564
796 585
796 586
796 595
796 671
796 756
796 764
796 922
796 982
796 1003
796 1117
796 1172
796 1177
796 1217
796 1241
796 1301
796 1391
796 1402
796 1414
797 17
797 100
797 107
797 218
797 337
797 408
797 679
797 858
797 915
797 1124
797 1269
797 1421
797 1428
798 10
798 192
798 994
798 1290
798 1305
798 1361
798 1433
799 66
799 479
799 725
799 922
799 947
801 74
801 113
801 168
801 214
801 262
801 300
801 418
801 462
801 497
801 537
801 559
801 606
801 1188
801 1249
801 1280
801 1347
801 1430
801 1434
802 702
802 1021
803 55
803 330
803 595
803 914
803 922
803 970
803 1034
803 1093
803 1132
803 1145
803 1193
803 1285
803 1299
803 1315
803 1327
803 1398
803 1438
804 78
804 89
804 147
804 228
804 243
804 273
804 338
804 374
804 431
804 474
804 535
804 543
804 553
804 627
804 650
804 690
804 749
804 750
804 763
804 816
804 872
804 894
804 927
804 968
804 969
804 975
804 1010
804 1036
804 1052
804 1130
804 1183
804 1303
804 1310
804 1341
804 1373
805 44
805 81
805 123
805 145
805 153
805 184
805 209
805 234
805 241
805 332
805 399
805 518
805 587
805 635
805 678
805 856
805 917
805 965
805 993
805 1043
805 1054
805 1095
805 1149
805 1199
805 1238
805 1293
805 1366
805 1400
805 1437
806 94
806 341
806 729
806 936
806 948
806 1120
806 1170
806 1205
807 543
807 1129
807 1403
807 1410
808 16
808 98
808 121
808 161
808 180
808 181
808 244
808 248
808 257
808 341
808 347
808 384
808 408
808 425
808 487
808 495
808 572
808 608
808 613
808 661
808 666
808 675
808 679
808 682
808 688
808 729
808 775
808 782
808 792
808 815
808 902
808 911
808 961
808 977
808 1026
808 1084
808 1134
808 1185
808 1189
808 1225
808 1228
808 1274
808 1308
808 1324
808 1338
809 18
809 38
809 70
809 250
809 258
809 282
809 286
809 308
809 394
809 502
809 664
809 706
809 753
809 755
809 766
809 861
809 1063
809 1167
809 1251
809 1271
809 1286
809 1348
810 97
810 130
810 342
810 416
810 922
811 310
811 317
811 470
811 543
811 551
811 630
811 813
811 1014
811 1066
811 1361
812 212
812 250
812 258
812 281
812 289
812 394
812 548
812 590
812 893
812 984
812 1203
813 153
813 310
813 315
813 317
813 543
813 551
813 630
813 726
813 811
813 1066
813 1361
815 16
815 55
815 90
815 102
815 106
815 147
815 161
815 180
815 185
815 201
815 231
815 239
815 248
815 257
815 260
815 294
815 316
815 341
815 347
815 384
815 387
815 408
815 425
815 440
815 452
815 474
815 487
815 495
815 511
815 533
815 559
815 564
815 566
815 572
815 608
815 613
815 643
815 653
815 661
815 679
815 688
815 695
815 732
815 733
815 737
815 744
815 775
815 782
815 869
815 911
815 914
815 916
815 971
815 1021
815 1039
815 1084
815 1092
815 1093
815 1098
815 1103
815 1134
815 1171
815 1193
815 1223
815 1225
815 1226
815 1228
815 1230
815 1235
815 1253
815 1274
815 1285
815 1298
815 1308
815 1324
815 1332
815 1335
815 1338
816 68
816 89
816 97
816 126
816 141
816 147
816 151
816 171
816 187
816 228
816 230
816 237
816 243
816 273
816 279
816 301
816 307
816 338
816 350
816 401
816 409
816 410
816 429
816 431
816 471
816 474
816 503
816 535
816 543
816 546
816 564
816 622
816 627
816 650
816 669
816 690
816 691
816 714
816 738
816 749
816 750
816 779
816 784
816 790
816 804
816 832
816 850
816 872
816 878
816 901
816 925
816 927
816 928
816 951
816 968
816 973
816 1020
816 1022
816 1025
816 1052
816 1056
816 1118
816 1130
816 1183
816 1241
816 1247
816 1255
816 1266
816 1341
816 1346
816 1347
816 1375
816 1386
816 1408
816 1421
816 1440
817 23
817 60
817 94
817 114
817 155
817 171
817 180
817 213
817 222
817 246
817 323
817 340
817 348
817 474
817 527
817 555
817 646
817 666
817 689
817 832
817 847
817 902
817 907
817 914
817 919
817 932
817 1038
817 1376
820 239
820 1094
822 609
823 6
823 84
823 150
823 201
823 210
823 244
823 263
823 318
823 366
823 443
823 581
823 626
823 639
823 848
823 952
823 1256
823 1307
823 1320
823 1327
823 1337
823 1343
823 1388
823 1433
824 4
824 51
824 168
824 171
824 272
824 297
824 336
824 355
824 429
824 497
824 608
824 673
824 838
824 886
824 899
824 946
824 1374
824 1396
824 1398
825 311
825 472
825 554
825 776
825 1058
825 1069
825 1231
825 1295
825 1443
827 84
827 170
827 240
827 410
827 421
827 447
827 468
827 484
827 563
827 586
827 637
827 914
827 1123
827 1138
827 1263
827 1292
827 1320
827 1359
827 1388
827 1416
828 79
828 87
828 88
828 105
828 127
828 140
828 176
828 179
828 183
828 190
828 196
828 219
828 249
828 255
828 256
828 258
828 261
828 283
828 284
828 286
828 288
828 321
828 385
828 394
828 477
828 481
828 486
828 506
828 550
828 560
828 576
828 580
828 648
828 693
828 710
828 762
828 831
828 838
828 845
828 861
828 892
828 930
828 959
828 962
828 981
828 985
828 986
828 996
828 1065
828 1083
828 1097
828 1122
828 1143
828 1195
828 1214
828 1239
828 1262
828 1286
828 1296
828 1348
829 97
829 178
829 437
829 575
829 650
829 701
829 717
829 990
829 1099
829 1194
829 1444
830 4
830 87
830 128
830 140
830 162
830 217
830 219
830 235
830 249
830 250
830 254
830 258
830 274
830 288
830 289
830 321
830 328
830 394
830 420
830 422
830 426
830 454
830 466
830 498
830 506
830 538
830 580
830 641
830 648
830 693
830 828
830 831
830 841
830 861
830 985
830 986
830 1031
830 1055
830 1083
830 1195
830 1273
830 1277
830 1284
830 1286
830 1296
830 1330
830 1348
830 1399
830 1432
831 79
831 88
831 127
831 176
831 183
831 219
831 235
831 249
831 250
831 256
831 258
831 261
831 281
831 282
831 283
831 284
831 286
831 288
831 289
831 321
831 394
831 424
831 426
831 454
831 461
831 477
831 486
831 498
831 506
831 545
831 548
831 560
831 573
831 576
831 648
831 693
831 703
831 710
831 755
831 762
831 828
831 838
831 861
831 924
831 930
831 956
831 959
831 962
831 981
831 985
831 986
831 995
831 996
831 1065
831 1083
831 1097
831 1122
831 1143
831 1175
831 1195
831 1214
831 1271
831 1276
831 1286
831 1287
831 1348
831 1367
832 20
832 23
832 60
832 68
832 89
832 94
832 97
832 114
832 134
832 155
832 180
832 213
832 222
832 225
832 228
832 230
832 237
832 238
832 243
832 246
832 279
832 323
832 338
832 340
832 348
832 374
832 401
832 409
832 410
832 425
832 431
832 467
832 471
832 474
832 475
832 515
832 527
832 552
832 555
832 570
832 595
832 599
832 622
832 627
832 632
832 646
832 669
832 688
832 689
832 691
832 738
832 749
832 750
832 763
832 779
832 816
832 817
832 847
832 854
832 872
832 894
832 902
832 907
832 914
832 925
832 932
832 968
832 969
832 975
832 1010
832 1020
832 1022
832 1036
832 1038
832 1056
832 1084
832 1116
832 1118
832 1130
832 1150
832 1183
832 1241
832 1253
832 1255
832 1266
832 1353
832 1357
832 1376
832 1386
833 132
833 147
833 253
833 263
833 305
833 374
833 456
833 490
833 522
833 639
833 674
833 851
833 895
833 1022
833 1072
833 1176
833 1216
833 1413
833 1447
834 116
834 243
834 292
834 854
834 986
834 1016
835 309
835 1090
836 97
836 165
836 216
836 229
836 314
836 324
836 472
836 480
836 786
836 787
836 791
836 940
836 999
836 1137
836 1301
836 1351
837 42
837 104
837 147
837 166
837 200
837 245
837 333
837 343
837 352
837 362
837 467
837 513
837 598
837 634
837 717
837 740
837 944
837 987
837 992
837 1004
837 1086
837 1190
837 1248
837 1355
837 1409
837 1427
838 4
838 51
838 79
838 88
838 105
838 127
838 168
838 176
838 190
838 219
838 252
838 255
838 258
838 261
838 272
838 283
838 284
838 288
838 297
838 336
838 355
838 382
838 394
838 398
838 426
838 454
838 466
838 477
838 486
838 497
838 545
838 576
838 597
838 608
838 643
838 673
838 693
838 703
838 710
838 719
838 721
838 734
838 824
838 828
838 831
838 892
838 930
838 959
838 962
838 981
838 986
838 996
838 1081
838 1091
838 1133
838 1195
838 1234
838 1237
838 1239
838 1262
838 1287
838 1294
838 1360
838 1372
838 1374
838 1396
838 1398
839 11
839 1173
841 4
841 22
841 128
841 139
841 196
841 203
841 217
841 219
841 274
841 288
841 289
841 394
841 454
841 538
841 648
841 830
841 986
841 1055
841 1195
841 1286
841 1296
841 1319
841 1330
841 1331
841 1348
841 1407
842 304
842 886
842 1428
843 89
843 147
843 225
843 243
843 307
843 338
843 409
843 410
843 467
843 535
843 552
843 650
843 691
843 757
843 763
843 784
843 816
843 832
843 872
843 925
843 928
843 968
843 1020
843 1022
843 1036
843 1056
843 1118
843 1130
843 1183
843 1247
843 1310
843 1346
843 1350
843 1440
844 35
844 885
845 18
845 70
845 179
845 250
845 258
845 266
845 286
845 385
845 394
845 464
845 481
845 506
845 548
845 550
845 561
845 697
845 706
845 753
845 761
845 809
845 828
845 861
845 875
845 986
845 1063
845 1167
845 1195
845 1271
845 1286
845 1348
846 496
846 565
846 745
846 1101
846 1140
846 1216
847 23
847 60
847 94
847 114
847 134
847 155
847 180
847 213
847 222
847 238
847 246
847 323
847 348
847 401
847 425
847 474
847 475
847 515
847 527
847 599
847 632
847 646
847 688
847 689
847 817
847 832
847 907
847 914
847 919
847 932
847 967
847 1038
847 1253
847 1353
847 1357
847 1376
848 84
848 210
848 823
848 1320
848 1388
849 106
849 387
849 469
849 666
849 1017
849 1120
849 1245
850 33
850 83
850 147
850 220
850 228
850 230
850 243
850 410
850 431
850 456
850 535
850 543
850 553
850 564
850 622
850 650
850 843
850 868
850 872
850 1022
850 1025
850 1036
850 1100
850 1116
850 1130
850 1141
850 1247
850 1303
850 1310
850 1346
850 1347
850 1373
850 1386
851 132
851 147
851 253
851 263
851 305
851 409
851 456
851 490
851 522
851 639
851 674
851 726
851 1022
851 1072
851 1176
851 1216
851 1413
851 1447
853 167
853 521
853 1334
854 83
854 116
854 230
854 243
854 292
854 431
854 467
854 659
854 669
854 670
854 750
854 778
854 779
854 816
854 832
854 834
854 968
854 976
854 1016
854 1022
854 1025
854 1056
854 1116
854 1118
854 1266
854 1341
854 1346
854 1350
855 15
855 243
855 251
855 473
855 922
855 938
855 1108
856 44
856 81
856 123
856 145
856 153
856 184
856 209
856 234
856 241
856 332
856 399
856 518
856 587
856 635
856 678
856 743
856 805
856 965
856 993
856 1043
856 1054
856 1095
856 1149
856 1199
856 1238
856 1293
856 1352
856 1366
856 1400
856 1437
857 75
857 406
857 500
857 525
857 628
857 775
857 887
857 897
857 978
857 1021
857 1079
857 1103
857 1174
857 1184
857 1233
857 1262
857 1270
857 1325
857 1338
857 1392
858 17
858 174
858 201
858 337
858 679
858 699
858 915
858 1269
858 1332
858 1421
858 1428
858 1435
860 74
860 187
860 434
860 870
860 879
860 913
861 14
861 18
861 38
861 53
861 69
861 70
861 80
861 88
861 111
861 128
861 140
861 183
861 212
861 235
861 249
861 250
861 258
861 266
861 281
861 282
861 286
861 288
861 289
861 308
861 328
861 353
861 356
861 394
861 424
861 481
861 502
861 506
861 568
861 580
861 597
861 648
861 664
861 677
861 693
861 697
861 703
861 706
861 753
861 755
861 766
861 777
861 809
861 828
861 830
861 831
861 875
861 963
861 985
861 986
861 1001
861 1031
861 1049
861 1063
861 1065
861 1073
861 1083
861 1097
861 1111
861 1122
861 1167
861 1178
861 1195
861 1214
861 1241
861 1251
861 1271
861 1286
861 1319
861 1348
861 1399
861 1415
862 191
862 429
862 436
862 446
862 572
862 961
862 1061
862 1189
862 1260
862 1312
862 1390
863 334
863 343
863 410
863 748
863 1154
863 1156
863 1248
863 1305
866 97
866 165
866 216
866 342
866 480
866 602
866 662
866 791
866 836
866 923
866 940
866 945
866 950
866 954
866 999
866 1023
866 1042
866 1110
866 1137
866 1351
867 496
867 874
867 1140
867 1241
867 1344
868 0
868 4
868 6
868 33
868 67
868 83
868 101
868 126
868 147
868 182
868 225
868 228
868 243
868 279
868 372
868 401
868 409
868 431
868 432
868 456
868 471
868 474
868 535
868 539
868 543
868 552
868 553
868 595
868 691
868 708
868 722
868 779
868 784
868 843
868 850
868 872
868 884
868 894
868 901
868 998
868 1010
868 1056
868 1100
868 1141
868 1155
868 1224
868 1247
868 1303
868 1347
868 1373
868 1379
868 1388
868 1398
868 1422
868 1440
869 55
869 147
869 239
869 330
869 389
869 564
869 653
869 695
869 732
869 914
869 1093
869 1193
869 1235
869 1285
870 74
870 187
870 434
870 860
871 313
871 331
871 371
871 392
871 769
871 1099
871 1183
872 89
872 228
872 237
872 301
872 307
872 338
872 374
872 410
872 431
872 471
872 535
872 543
872 570
872 622
872 650
872 690
872 763
872 804
872 843
872 894
872 928
872 968
872 969
872 1010
872 1022
872 1036
872 1056
872 1100
872 1130
872 1241
872 1310
872 1341
873 343
873 595
874 496
874 1140
874 1241
874 1344
875 27
875 38
875 49
875 70
875 80
875 250
875 258
875 282
875 286
875 288
875 289
875 308
875 356
875 394
875 445
875 465
875 481
875 502
875 558
875 568
875 664
875 753
875 755
875 777
875 861
875 1001
875 1063
875 1167
875 1195
875 1286
875 1319
875 1348
875 1415
876 989
876 1160
877 278
877 441
877 491
877 539
877 622
877 694
877 1101
877 1126
877 1152
877 1275
877 1354
878 25
878 85
878 197
878 244
878 259
878 365
878 423
878 476
878 493
878 614
878 621
878 700
878 713
878 724
878 767
878 792
878 816
878 880
878 960
878 1102
878 1120
878 1221
878 1309
878 1314
878 1323
878 1338
878 1421
879 860
879 913
880 25
880 39
880 65
880 75
880 119
880 141
880 142
880 169
880 180
880 185
880 187
880 207
880 218
880 244
880 259
880 267
880 365
880 493
880 531
880 546
880 592
880 614
880 621
880 643
880 652
880 666
880 704
880 741
880 767
880 782
880 878
880 911
880 972
880 1006
880 1070
880 1085
880 1120
880 1127
880 1128
880 1166
880 1215
880 1268
880 1314
880 1342
880 1381
880 1390
880 1423
881 467
881 595
881 650
881 705
881 1211
881 1398
882 40
882 76
882 251
882 343
882 410
882 717
883 557
883 594
883 1265
884 0
884 4
884 67
884 101
884 141
884 142
884 147
884 182
884 210
884 456
884 569
884 782
884 868
884 1070
884 1155
884 1182
884 1224
884 1322
884 1342
884 1381
884 1398
885 35
885 844
886 32
886 39
886 161
886 171
886 177
886 429
886 534
886 567
886 643
886 646
886 667
886 679
886 741
886 780
886 783
886 824
886 842
886 946
886 1029
886 1120
886 1208
886 1221
886 1254
886 1278
886 1304
886 1428
887 75
887 186
887 195
887 299
887 357
887 406
887 500
887 525
887 546
887 577
887 628
887 696
887 729
887 775
887 782
887 857
887 897
887 939
887 978
887 1021
887 1079
887 1174
887 1184
887 1233
887 1262
887 1270
887 1280
887 1288
887 1313
887 1325
887 1338
887 1364
887 1392
888 205
888 789
890 69
890 258
890 289
890 506
890 771
890 986
890 1044
890 1195
890 1271
890 1286
890 1385
891 363
891 922
892 283
892 284
892 477
892 828
892 831
892 838
892 930
892 959
892 962
892 981
892 1296
893 250
893 281
893 289
893 394
893 984
894 20
894 68
894 78
894 147
894 237
894 243
894 273
894 279
894 471
894 540
894 595
894 622
894 627
894 650
894 669
894 670
894 690
894 763
894 804
894 816
894 832
894 968
894 976
894 1020
894 1022
894 1056
894 1116
894 1118
894 1183
894 1255
894 1440
895 253
895 263
895 264
895 305
895 327
895 374
895 449
895 490
895 674
895 906
895 1072
896 154
896 735
897 75
897 406
897 628
897 729
897 782
897 939
897 1021
897 1079
897 1103
897 1233
897 1280
897 1313
897 1338
897 1392
898 104
898 147
898 200
898 245
898 343
898 352
898 410
898 467
898 513
898 539
898 598
898 634
898 639
898 740
898 837
898 1004
898 1086
898 1169
898 1190
898 1248
898 1355
898 1409
898 1413
898 1427
899 4
899 51
899 171
899 272
899 336
899 355
899 382
899 398
899 404
899 429
899 497
899 608
899 643
899 734
899 824
899 838
899 886
899 946
899 1133
899 1234
899 1294
899 1360
899 1374
901 20
901 33
901 43
901 147
901 228
901 279
901 301
901 410
901 471
901 483
901 543
901 553
901 564
901 570
901 622
901 690
901 750
901 757
901 816
901 868
901 925
901 969
901 998
901 1020
901 1025
901 1056
901 1100
901 1130
901 1303
901 1440
902 60
902 94
902 114
902 187
902 244
902 246
902 341
902 401
902 474
902 515
902 599
902 666
902 679
902 688
902 832
902 919
902 967
902 1338
903 8
903 180
903 643
903 973
903 1103
903 1170
903 1220
903 1338
903 1397
904 124
904 129
904 1209
905 88
905 219
905 286
906 132
906 253
906 263
906 264
906 449
906 490
906 522
906 639
906 674
907 23
907 114
907 155
907 238
907 246
907 323
907 340
907 348
907 425
907 475
907 527
907 632
907 646
907 666
907 688
907 832
907 847
907 1038
907 1084
907 1253
907 1376
908 250
908 258
908 289
908 358
908 394
908 419
908 442
908 464
908 488
908 548
908 597
908 651
908 731
908 964
908 986
908 1001
908 1297
908 1300
909 68
909 89
909 126
909 147
909 273
909 279
909 410
909 467
909 471
909 483
909 535
909 543
909 622
909 650
909 669
909 670
909 690
909 816
909 832
909 894
909 969
909 1020
909 1022
909 1056
909 1100
909 1116
909 1183
909 1266
909 1386
909 1440
910 591
911 16
911 25
911 60
911 102
911 106
911 119
911 133
911 161
911 171
911 180
911 187
911 191
911 197
911 207
911 211
911 218
911 231
911 244
911 257
911 259
911 260
911 316
911 322
911 367
911 425
911 452
911 474
911 533
911 546
911 566
911 572
911 608
911 613
911 621
911 666
911 688
911 700
911 704
911 729
911 733
911 737
911 741
911 772
911 775
911 782
911 808
911 815
911 862
911 878
911 971
911 977
911 1006
911 1021
911 1026
911 1039
911 1092
911 1098
911 1120
911 1128
911 1171
911 1189
911 1223
911 1225
911 1226
911 1245
911 1298
911 1308
911 1312
911 1314
911 1324
911 1332
911 1338
911 1353
911 1358
911 1381
911 1419
913 26
913 33
913 46
913 62
913 83
913 84
913 126
913 147
913 225
913 227
913 243
913 279
913 301
913 349
913 397
913 409
913 410
913 415
913 416
913 431
913 432
913 471
913 474
913 483
913 501
913 535
913 549
913 552
913 586
913 622
913 663
913 671
913 690
913 722
913 749
913 791
913 796
913 816
913 850
913 860
913 872
913 879
913 937
913 968
913 1002
913 1022
913 1052
913 1067
913 1068
913 1100
913 1116
913 1117
913 1186
913 1198
913 1241
913 1247
913 1266
913 1321
913 1386
914 23
914 55
914 84
914 114
914 147
914 155
914 170
914 171
914 180
914 210
914 213
914 238
914 239
914 240
914 265
914 323
914 340
914 343
914 389
914 410
914 421
914 425
914 456
914 468
914 474
914 475
914 484
914 527
914 563
914 564
914 586
914 632
914 640
914 646
914 653
914 689
914 815
914 820
914 827
914 832
914 847
914 869
914 919
914 920
914 943
914 1093
914 1094
914 1123
914 1138
914 1193
914 1211
914 1235
914 1263
914 1285
914 1292
914 1320
914 1326
914 1359
914 1388
914 1416
915 17
915 107
915 174
915 201
915 218
915 408
915 679
915 699
915 858
915 1269
915 1332
915 1381
915 1421
915 1428
916 39
916 60
916 98
916 99
916 121
916 161
916 180
916 201
916 205
916 211
916 231
916 425
916 440
916 452
916 613
916 666
916 679
916 782
916 815
916 1021
916 1026
916 1098
916 1134
916 1171
916 1189
916 1267
916 1324
917 44
917 123
917 184
917 241
917 399
917 518
917 635
917 743
917 805
917 856
917 965
917 1043
917 1054
917 1095
917 1149
917 1199
917 1293
917 1400
919 60
919 94
919 114
919 171
919 187
919 401
919 515
919 599
919 666
919 902
919 914
919 967
919 1084
919 1338
920 30
920 84
920 106
920 169
920 170
920 348
920 387
920 410
920 456
920 468
920 469
920 484
920 563
920 586
920 640
920 666
920 827
920 914
920 943
920 997
920 1017
920 1114
920 1120
920 1123
920 1138
920 1245
920 1326
920 1359
920 1388
921 181
921 242
921 485
921 1426
922 7
922 47
922 55
922 56
922 63
922 64
922 66
922 93
922 97
922 115
922 124
922 129
922 130
922 135
922 243
922 251
922 290
922 342
922 354
922 363
922 416
922 447
922 467
922 473
922 479
922 504
922 585
922 586
922 595
922 599
922 630
922 639
922 642
922 650
922 705
922 725
922 726
922 770
922 774
922 784
922 796
922 799
922 803
922 810
922 855
922 881
922 891
922 904
922 938
922 947
922 966
922 970
922 1041
922 1091
922 1099
922 1108
922 1132
922 1136
922 1145
922 1162
922 1163
922 1172
922 1176
922 1180
922 1209
922 1211
922 1241
922 1299
922 1315
922 1327
922 1337
922 1391
922 1398
922 1405
922 1417
922 1438
923 97
923 165
923 216
923 229
923 270
923 342
923 480
923 791
923 836
923 866
923 940
923 950
923 953
923 999
923 1023
923 1042
923 1062
923 1139
923 1351
924 258
924 274
924 289
924 461
924 548
924 831
924 995
924 1271
924 1276
925 225
925 243
925 273
925 374
925 401
925 409
925 410
925 431
925 471
925 552
925 622
925 627
925 650
925 691
925 750
925 816
925 832
925 868
925 894
925 928
925 968
925 976
925 1052
925 1056
925 1183
925 1241
925 1310
925 1386
925 1440
926 456
926 532
926 1422
927 33
927 62
927 78
927 147
927 273
927 279
927 338
927 374
927 431
927 474
927 535
927 540
927 543
927 622
927 650
927 749
927 816
927 854
927 909
927 969
927 975
927 1010
927 1022
927 1036
927 1100
927 1241
927 1266
927 1350
927 1386
927 1440
928 68
928 89
928 97
928 147
928 228
928 230
928 237
928 243
928 273
928 279
928 374
928 410
928 431
928 471
928 535
928 611
928 627
928 738
928 749
928 750
928 763
928 804
928 872
928 925
928 968
928 1022
928 1052
928 1056
928 1071
928 1130
928 1183
928 1241
928 1255
928 1310
928 1341
928 1350
928 1386
930 127
930 176
930 196
930 283
930 284
930 477
930 828
930 831
930 838
930 892
930 959
930 962
930 981
930 1296
931 157
931 188
931 1202
932 23
932 94
932 114
932 134
932 155
932 171
932 180
932 213
932 340
932 348
932 474
932 515
932 527
932 555
932 632
932 646
932 902
932 919
932 1253
932 1357
933 1259
934 53
934 111
934 128
934 203
934 250
934 258
934 288
934 289
934 597
934 861
934 1214
936 94
936 341
936 475
936 729
936 806
936 1120
936 1170
936 1205
937 26
937 28
937 164
937 165
937 243
937 269
937 346
937 349
937 397
937 410
937 415
937 416
937 541
937 556
937 586
937 671
937 764
937 796
937 982
937 1003
937 1067
937 1068
937 1117
937 1186
937 1301
937 1402
938 15
938 115
938 243
938 251
938 473
938 479
938 595
938 774
938 855
938 1108
939 75
939 299
939 406
939 525
939 729
939 782
939 887
939 897
939 1021
939 1103
939 1166
939 1174
939 1233
939 1270
939 1280
939 1338
939 1364
939 1392
940 97
940 165
940 216
940 229
940 433
940 480
940 662
940 791
940 923
940 945
940 1023
940 1042
940 1137
940 1301
941 244
941 280
941 354
941 360
941 429
941 569
941 1082
942 1363
943 30
943 84
943 170
943 240
943 265
943 410
943 456
943 468
943 484
943 563
943 586
943 920
943 997
943 1138
943 1307
943 1320
944 104
944 166
944 200
944 245
944 352
944 362
944 513
944 539
944 598
944 634
944 740
944 837
944 992
944 1169
944 1190
944 1248
944 1409
944 1413
944 1427
945 165
945 216
945 229
945 342
945 395
945 480
945 602
945 662
945 791
945 794
945 836
945 866
945 923
945 940
945 950
945 954
945 1023
945 1042
945 1139
946 171
946 429
946 824
946 886
946 899
947 66
947 479
947 725
947 799
947 922
948 94
948 341
948 475
948 806
948 936
948 1084
948 1120
948 1170
948 1205
950 165
950 216
950 229
950 239
950 270
950 342
950 395
950 480
950 526
950 602
950 662
950 791
950 794
950 836
950 866
950 923
950 940
950 945
950 953
950 954
950 999
950 1013
950 1023
950 1042
950 1099
950 1110
950 1137
950 1139
950 1351
950 1437
951 141
951 187
951 816
951 878
951 973
951 1421
952 201
952 244
952 263
952 366
952 443
952 543
952 626
952 639
952 823
952 1104
952 1132
952 1256
952 1307
952 1320
952 1327
952 1343
952 1433
953 97
953 216
953 229
953 270
953 395
953 480
953 526
953 602
953 662
953 791
953 794
953 866
953 923
953 954
953 1023
953 1062
953 1110
954 97
954 165
954 216
954 229
954 239
954 270
954 342
954 395
954 433
954 480
954 526
954 602
954 662
954 791
954 794
954 836
954 866
954 923
954 945
954 950
954 953
954 999
954 1013
954 1023
954 1042
954 1062
954 1099
954 1110
954 1139
954 1437
955 69
955 149
955 183
955 224
955 258
955 261
955 328
955 498
955 506
955 507
955 615
955 771
955 986
955 1044
955 1049
955 1271
955 1286
955 1319
955 1385
956 88
956 762
956 828
956 986
956 1097
956 1143
957 23
957 116
957 1439
958 125
958 243
958 311
958 346
958 349
958 407
958 410
958 416
958 501
958 512
958 556
958 756
958 774
958 982
958 1003
958 1034
958 1068
958 1217
958 1321
958 1368
958 1401
958 1402
959 79
959 87
959 88
959 105
959 127
959 176
959 190
959 196
959 219
959 255
959 256
959 258
959 261
959 283
959 284
959 288
959 321
959 426
959 477
959 486
959 545
959 560
959 597
959 703
959 721
959 762
959 828
959 831
959 838
959 892
959 930
959 956
959 962
959 981
959 986
959 996
959 1081
959 1097
959 1143
959 1195
959 1239
959 1262
959 1287
959 1296
959 1372
960 85
960 493
960 724
960 878
960 1119
960 1120
961 171
961 191
961 244
961 341
961 408
961 429
961 446
961 495
961 572
961 666
961 679
961 688
961 760
961 902
961 911
961 1061
961 1084
961 1189
961 1260
961 1312
961 1390
962 176
962 196
962 249
962 250
962 274
962 283
962 284
962 286
962 289
962 394
962 477
962 506
962 828
962 830
962 831
962 838
962 861
962 892
962 930
962 959
962 981
962 985
962 1065
962 1083
962 1214
962 1286
962 1348
963 212
963 250
963 258
963 861
963 1097
964 223
964 250
964 358
964 394
964 419
964 464
964 488
964 548
964 651
964 731
964 908
964 986
964 1001
964 1300
965 44
965 81
965 123
965 145
965 184
965 209
965 241
965 332
965 399
965 518
965 635
965 678
965 743
965 805
965 856
965 917
965 993
965 1043
965 1054
965 1095
965 1149
965 1199
965 1238
965 1293
965 1352
965 1400
965 1437
966 97
966 130
966 131
966 137
966 447
966 448
966 504
966 585
966 595
966 639
966 726
966 774
966 796
966 922
966 1091
966 1172
966 1241
966 1391
967 94
967 171
967 213
967 401
967 599
967 832
967 847
967 1353
968 62
968 68
968 78
968 89
968 97
968 147
968 225
968 228
968 230
968 237
968 243
968 279
968 301
968 307
968 338
968 409
968 431
968 471
968 535
968 543
968 553
968 595
968 622
968 627
968 639
968 669
968 690
968 738
968 749
968 750
968 779
968 784
968 816
968 832
968 843
968 850
968 854
968 872
968 901
968 928
968 969
968 975
968 976
968 1020
968 1022
968 1028
968 1052
968 1056
968 1116
968 1118
968 1130
968 1183
968 1255
968 1266
968 1303
968 1310
968 1346
968 1350
968 1373
968 1440
969 68
969 78
969 97
969 147
969 279
969 338
969 410
969 467
969 471
969 474
969 535
969 540
969 543
969 552
969 622
969 669
969 670
969 691
969 749
969 854
969 894
969 909
969 925
969 927
969 975
969 1022
969 1028
969 1036
969 1116
969 1150
969 1183
969 1247
969 1255
969 1341
969 1350
969 1440
970 55
970 803
970 922
970 1132
970 1145
970 1299
970 1315
970 1327
970 1398
970 1438
971 39
971 99
971 106
971 180
971 201
971 231
971 257
971 341
971 408
971 425
971 487
971 572
971 608
971 688
971 733
971 775
971 808
971 815
971 911
971 1026
971 1103
971 1189
971 1223
971 1267
971 1335
971 1338
972 65
972 75
972 133
972 180
972 244
972 259
972 365
972 531
972 652
972 700
972 713
972 772
972 782
972 880
972 1006
972 1085
972 1120
972 1128
972 1166
972 1245
972 1309
972 1338
972 1390
973 8
973 21
973 141
973 180
973 187
973 494
973 643
973 816
973 878
973 903
973 951
973 1103
973 1170
973 1220
973 1236
973 1338
973 1397
973 1421
974 319
974 520
975 78
975 83
975 89
975 126
975 147
975 230
975 279
975 410
975 471
975 474
975 540
975 543
975 595
975 622
975 669
975 670
975 690
975 738
975 832
975 894
975 909
975 968
975 969
975 1022
975 1028
975 1118
975 1150
975 1183
975 1255
975 1266
975 1341
975 1350
976 78
976 83
976 97
976 225
976 243
976 273
976 307
976 401
976 410
976 543
976 595
976 650
976 749
976 750
976 763
976 779
976 968
976 1010
976 1022
976 1116
976 1118
976 1150
976 1183
976 1255
977 39
977 90
977 161
977 201
977 205
977 231
977 294
977 316
977 387
977 425
977 440
977 474
977 559
977 608
977 666
977 679
977 688
977 729
977 737
977 782
977 789
977 888
977 911
977 916
977 1026
977 1092
977 1171
977 1189
977 1308
977 1324
977 1338
977 1353
977 1358
977 1381
977 1419
978 75
978 357
978 406
978 500
978 525
978 729
978 775
978 782
978 897
978 939
978 1021
978 1103
978 1174
978 1184
978 1270
978 1288
978 1338
978 1392
979 59
979 305
979 657
979 712
980 27
980 49
980 80
980 250
980 258
980 288
980 289
980 356
980 465
980 664
980 755
980 875
980 1001
980 1175
980 1195
980 1286
980 1348
981 87
981 88
981 127
981 176
981 190
981 219
981 250
981 258
981 261
981 283
981 284
981 288
981 321
981 394
981 477
981 486
981 560
981 576
981 597
981 710
981 828
981 831
981 838
981 892
981 930
981 959
981 986
981 1097
981 1195
981 1287
981 1296
981 1367
981 1372
982 26
982 28
982 37
982 125
982 173
982 198
982 269
982 311
982 346
982 349
982 416
982 501
982 549
982 564
982 593
982 671
982 791
982 958
982 1003
982 1068
982 1186
982 1217
982 1321
982 1368
984 212
984 250
984 281
984 289
984 394
984 590
984 812
984 893
985 14
985 274
985 289
985 394
985 498
985 506
985 1031
985 1065
985 1083
985 1348
986 22
986 53
986 69
986 71
986 79
986 105
986 111
986 116
986 138
986 140
986 158
986 162
986 190
986 219
986 223
986 243
986 250
986 256
986 258
986 261
986 288
986 289
986 292
986 328
986 339
986 358
986 377
986 385
986 394
986 422
986 426
986 442
986 454
986 464
986 466
986 477
986 481
986 486
986 488
986 492
986 506
986 548
986 550
986 590
986 597
986 600
986 609
986 631
986 648
986 693
986 697
986 721
986 731
986 761
986 762
986 771
986 828
986 830
986 834
986 838
986 845
986 854
986 861
986 890
986 908
986 956
986 959
986 964
986 981
986 1001
986 1016
986 1027
986 1047
986 1055
986 1097
986 1143
986 1144
986 1153
986 1195
986 1204
986 1239
986 1271
986 1286
986 1296
986 1300
986 1319
986 1329
986 1372
986 1395
986 1396
986 1399
986 1407
986 1418
987 42
987 104
987 147
987 166
987 200
987 245
987 333
987 352
987 709
987 717
987 992
987 1004
987 1248
987 1355
988 578
988 595
988 752
989 876
989 1160
990 178
990 437
990 575
990 650
990 701
990 717
990 1099
990 1444
991 1418
992 104
992 147
992 166
992 200
992 352
992 362
992 410
992 513
992 598
992 709
992 837
992 944
992 1086
992 1248
992 1355
992 1413
992 1427
993 44
993 81
993 184
993 209
993 241
993 332
993 518
993 805
993 856
993 917
993 965
993 1043
993 1095
993 1293
993 1352
993 1400
993 1437
994 287
994 798
994 1041
994 1290
994 1305
995 258
995 274
995 289
995 442
995 461
995 478
995 548
995 648
995 831
995 924
995 1201
995 1271
995 1276
996 88
996 176
996 219
996 255
996 258
996 261
996 283
996 288
996 394
996 454
996 545
996 576
996 597
996 762
996 831
996 959
996 981
996 986
996 1195
996 1287
996 1372
997 84
997 265
997 410
997 563
997 586
997 1138
997 1211
997 1263
997 1307
998 33
998 126
998 147
998 230
998 243
998 279
998 338
998 410
998 431
998 432
998 471
998 535
998 553
998 564
998 570
998 757
998 850
998 868
998 894
998 928
998 975
998 1025
998 1028
998 1130
998 1141
998 1183
998 1303
998 1347
999 97
999 165
999 216
999 229
999 342
999 602
999 836
999 940
999 945
999 1042
999 1137
999 1139
999 1301
999 1351
1000 334
1000 1425
1001 80
1001 223
1001 250
1001 258
1001 282
1001 288
1001 289
1001 356
1001 358
1001 394
1001 419
1001 424
1001 442
1001 464
1001 481
1001 488
1001 548
1001 558
1001 597
1001 731
1001 755
1001 831
1001 861
1001 875
1001 986
1001 1195
1001 1286
1001 1297
1002 112
1002 148
1002 227
1002 230
1002 447
1002 528
1002 535
1002 642
1002 726
1002 913
1002 1094
1002 1198
1002 1294
1002 1344
1002 1362
1002 1398
1002 1446
1003 37
1003 46
1003 58
1003 84
1003 122
1003 125
1003 173
1003 198
1003 243
1003 311
1003 346
1003 349
1003 407
1003 410
1003 415
1003 458
1003 501
1003 512
1003 549
1003 556
1003 586
1003 593
1003 663
1003 671
1003 756
1003 764
1003 774
1003 796
1003 958
1003 1034
1003 1117
1003 1177
1003 1186
1003 1217
1003 1301
1003 1368
1003 1401
1003 1402
1003 1414
1004 42
1004 104
1004 147
1004 166
1004 200
1004 333
1004 352
1004 362
1004 410
1004 598
1004 634
1004 717
1004 740
1004 837
1004 898
1004 944
1004 987
1004 992
1004 1187
1004 1190
1004 1248
1004 1413
1004 1427
1004 1433
1005 636
1006 65
1006 119
1006 180
1006 207
1006 259
1006 365
1006 531
1006 614
1006 652
1006 704
1006 741
1006 772
1006 782
1006 880
1006 911
1006 972
1006 1085
1006 1120
1006 1128
1006 1166
1006 1221
1006 1314
1006 1338
1007 29
1007 109
1007 114
1007 373
1007 380
1007 462
1007 499
1007 666
1007 1279
1008 227
1009 45
1009 539
1009 1191
1009 1433
1010 83
1010 89
1010 147
1010 243
1010 301
1010 338
1010 431
1010 432
1010 467
1010 471
1010 535
1010 543
1010 622
1010 670
1010 722
1010 738
1010 749
1010 816
1010 832
1010 854
1010 909
1010 925
1010 927
1010 969
1010 975
1010 1022
1010 1036
1010 1100
1010 1118
1010 1183
1010 1310
1010 1341
1010 1350
1010 1386
1011 88
1011 286
1011 289
1011 308
1011 648
1011 755
1011 777
1011 861
1011 1049
1011 1073
1011 1097
1011 1111
1011 1195
1011 1271
1011 1286
1011 1319
1011 1348
1011 1399
1012 52
1012 258
1012 370
1012 414
1012 536
1012 718
1012 1080
1012 1242
1013 216
1013 229
1013 239
1013 270
1013 344
1013 395
1013 399
1013 433
1013 439
1013 480
1013 526
1013 602
1013 607
1013 633
1013 662
1013 791
1013 794
1013 866
1013 923
1013 950
1013 953
1013 954
1013 1023
1013 1042
1013 1062
1013 1099
1013 1110
1013 1139
1013 1301
1013 1351
1013 1401
1013 1437
1014 315
1014 470
1014 543
1014 551
1014 811
1014 1361
1016 116
1016 243
1016 292
1016 506
1016 834
1016 854
1016 986
1017 106
1017 169
1017 348
1017 387
1017 469
1017 666
1017 849
1017 920
1017 1084
1017 1114
1017 1120
1017 1245
1018 37
1018 490
1019 17
1019 107
1019 201
1019 218
1019 408
1019 679
1019 797
1019 858
1019 915
1019 1026
1019 1124
1019 1269
1019 1332
1019 1421
1019 1428
1019 1435
1020 83
1020 89
1020 126
1020 225
1020 228
1020 243
1020 279
1020 409
1020 410
1020 431
1020 467
1020 471
1020 535
1020 552
1020 570
1020 622
1020 691
1020 750
1020 816
1020 832
1020 843
1020 868
1020 925
1020 927
1020 928
1020 968
1020 1036
1020 1056
1020 1141
1020 1150
1020 1183
1020 1241
1021 60
1021 75
1021 98
1021 99
1021 102
1021 106
1021 161
1021 168
1021 180
1021 181
1021 185
1021 186
1021 195
1021 205
1021 211
1021 231
1021 248
1021 257
1021 294
1021 299
1021 316
1021 347
1021 384
1021 402
1021 406
1021 408
1021 425
1021 474
1021 487
1021 495
1021 511
1021 525
1021 533
1021 546
1021 559
1021 566
1021 572
1021 577
1021 608
1021 628
1021 643
1021 666
1021 679
1021 682
1021 688
1021 696
1021 702
1021 729
1021 744
1021 775
1021 782
1021 802
1021 815
1021 857
1021 887
1021 897
1021 911
1021 916
1021 939
1021 977
1021 978
1021 1026
1021 1066
1021 1077
1021 1079
1021 1084
1021 1092
1021 1098
1021 1103
1021 1166
1021 1171
1021 1174
1021 1184
1021 1185
1021 1189
1021 1225
1021 1226
1021 1230
1021 1233
1021 1253
1021 1270
1021 1280
1021 1298
1021 1308
1021 1313
1021 1324
1021 1332
1021 1335
1021 1338
1021 1353
1021 1358
1021 1364
1021 1381
1021 1392
1021 1419
1022 26
1022 34
1022 62
1022 68
1022 78
1022 97
1022 126
1022 132
1022 147
1022 243
1022 263
1022 264
1022 273
1022 279
1022 305
1022 307
1022 327
1022 338
1022 401
1022 409
1022 410
1022 431
1022 456
1022 467
1022 471
1022 483
1022 490
1022 522
1022 535
1022 540
1022 552
1022 553
1022 570
1022 595
1022 622
1022 627
1022 639
1022 650
1022 669
1022 674
1022 690
1022 726
1022 738
1022 750
1022 763
1022 779
1022 784
1022 804
1022 816
1022 833
1022 843
1022 850
1022 851
1022 854
1022 894
1022 906
1022 909
1022 913
1022 925
1022 969
1022 975
1022 976
1022 998
1022 1010
1022 1052
1022 1056
1022 1116
1022 1118
1022 1130
1022 1150
1022 1176
1022 1183
1022 1216
1022 1247
1022 1255
1022 1266
1022 1303
1022 1341
1022 1346
1022 1347
1022 1373
1022 1413
1022 1440
1022 1447
1023 97
1023 165
1023 216
1023 229
1023 342
1023 480
1023 526
1023 662
1023 791
1023 836
1023 866
1023 923
1023 945
1023 950
1023 1042
1023 1099
1023 1137
1023 1301
1024 215
1024 665
1024 773
1024 1240
1025 33
1025 43
1025 62
1025 83
1025 89
1025 126
1025 147
1025 230
1025 237
1025 279
1025 307
1025 410
1025 431
1025 432
1025 467
1025 535
1025 553
1025 564
1025 627
1025 690
1025 749
1025 750
1025 850
1025 868
1025 913
1025 968
1025 969
1025 998
1025 1020
1025 1022
1025 1028
1025 1056
1025 1130
1025 1183
1025 1247
1025 1255
1025 1266
1025 1303
1025 1310
1025 1347
1025 1350
1026 39
1026 60
1026 90
1026 102
1026 106
1026 107
1026 161
1026 168
1026 180
1026 181
1026 201
1026 205
1026 218
1026 248
1026 257
1026 260
1026 294
1026 316
1026 337
1026 341
1026 347
1026 387
1026 408
1026 425
1026 440
1026 474
1026 487
1026 495
1026 511
1026 533
1026 547
1026 566
1026 572
1026 608
1026 613
1026 643
1026 661
1026 666
1026 679
1026 688
1026 699
1026 707
1026 729
1026 733
1026 797
1026 808
1026 815
1026 911
1026 915
1026 916
1026 971
1026 977
1026 1019
1026 1039
1026 1084
1026 1098
1026 1103
1026 1124
1026 1171
1026 1189
1026 1225
1026 1228
1026 1230
1026 1267
1026 1269
1026 1274
1026 1324
1026 1332
1026 1335
1026 1338
1026 1353
1026 1381
1026 1421
1026 1428
1026 1435
1027 509
1027 548
1027 762
1027 986
1027 1218
1027 1239
1027 1395
1028 78
1028 147
1028 243
1028 279
1028 307
1028 401
1028 471
1028 474
1028 540
1028 543
1028 595
1028 622
1028 650
1028 669
1028 670
1028 690
1028 750
1028 763
1028 784
1028 832
1028 843
1028 909
1028 969
1028 975
1028 1022
1028 1036
1028 1056
1028 1130
1028 1150
1028 1303
1028 1341
1028 1386
1028 1440
1029 136
1029 161
1029 177
1029 193
1029 457
1029 485
1029 534
1029 643
1029 724
1029 780
1029 886
1029 1323
1029 1377
1031 140
1031 183
1031 235
1031 249
1031 250
1031 394
1031 506
1031 693
1031 828
1031 830
1031 861
1031 1065
1031 1083
1031 1122
1031 1286
1031 1348
1032 208
1032 271
1032 1099
1033 550
1033 1203
1034 147
1034 198
1034 239
1034 311
1034 346
1034 397
1034 501
1034 512
1034 556
1034 564
1034 593
1034 653
1034 663
1034 756
1034 774
1034 803
1034 958
1034 982
1034 1003
1034 1068
1034 1093
1034 1186
1034 1193
1034 1217
1034 1368
1034 1401
1034 1402
1036 68
1036 78
1036 83
1036 97
1036 147
1036 220
1036 225
1036 243
1036 279
1036 338
1036 431
1036 456
1036 471
1036 535
1036 543
1036 553
1036 595
1036 650
1036 749
1036 850
1036 868
1036 909
1036 927
1036 969
1036 1028
1036 1130
1036 1183
1036 1350
1036 1373
1036 1386
1038 23
1038 60
1038 134
1038 155
1038 222
1038 238
1038 246
1038 340
1038 347
1038 348
1038 375
1038 390
1038 425
1038 475
1038 527
1038 688
1038 817
1038 832
1038 847
1038 902
1038 914
1038 932
1038 1189
1038 1253
1038 1357
1038 1376
1039 16
1039 90
1039 102
1039 106
1039 211
1039 231
1039 248
1039 257
1039 294
1039 384
1039 452
1039 533
1039 559
1039 566
1039 572
1039 608
1039 613
1039 688
1039 696
1039 782
1039 815
1039 911
1039 971
1039 977
1039 1021
1039 1026
1039 1098
1039 1171
1039 1308
1039 1324
1039 1332
1039 1338
1039 1353
1039 1358
1040 39
1040 187
1041 47
1041 63
1041 118
1041 120
1041 263
1041 287
1041 421
1041 571
1041 599
1041 644
1041 715
1041 726
1041 736
1041 784
1041 922
1041 994
1041 1123
1041 1252
1041 1290
1041 1305
1041 1382
1041 1398
1041 1405
1042 97
1042 165
1042 216
1042 229
1042 270
1042 342
1042 480
1042 526
1042 602
1042 662
1042 791
1042 794
1042 836
1042 923
1042 940
1042 945
1042 950
1042 953
1042 954
1042 999
1042 1013
1042 1062
1042 1110
1042 1137
1042 1139
1042 1301
1042 1351
1042 1437
1043 5
1043 44
1043 81
1043 145
1043 234
1043 241
1043 332
1043 518
1043 587
1043 595
1043 635
1043 743
1043 805
1043 856
1043 1054
1043 1095
1043 1238
1043 1293
1043 1366
1043 1400
1043 1437
1044 69
1044 258
1044 261
1044 289
1044 498
1044 615
1044 771
1044 890
1044 955
1044 986
1044 1195
1044 1271
1044 1286
1047 986
1047 1111
1048 146
1048 643
1048 658
1049 69
1049 88
1049 149
1049 183
1049 258
1049 261
1049 289
1049 308
1049 328
1049 498
1049 506
1049 507
1049 755
1049 771
1049 777
1049 890
1049 955
1049 986
1049 1044
1049 1073
1049 1097
1049 1111
1049 1178
1049 1195
1049 1271
1049 1286
1049 1348
1049 1385
1051 508
1051 773
1051 1187
1051 1212
1052 33
1052 68
1052 147
1052 228
1052 230
1052 243
1052 374
1052 401
1052 410
1052 431
1052 471
1052 483
1052 535
1052 543
1052 622
1052 627
1052 670
1052 690
1052 804
1052 816
1052 850
1052 909
1052 927
1052 968
1052 1010
1052 1028
1052 1036
1052 1056
1052 1118
1052 1130
1052 1255
1052 1310
1052 1341
1053 117
1053 199
1054 44
1054 153
1054 184
1054 234
1054 399
1054 518
1054 587
1054 635
1054 678
1054 743
1054 1199
1054 1238
1054 1366
1054 1400
1054 1437
1055 4
1055 22
1055 71
1055 92
1055 128
1055 162
1055 203
1055 217
1055 250
1055 254
1055 258
1055 289
1055 328
1055 394
1055 420
1055 422
1055 426
1055 454
1055 466
1055 492
1055 517
1055 538
1055 590
1055 597
1055 600
1055 648
1055 697
1055 830
1055 841
1055 986
1055 1097
1055 1195
1055 1273
1055 1277
1055 1284
1055 1286
1055 1296
1055 1319
1055 1330
1055 1348
1055 1399
1055 1407
1056 20
1056 43
1056 68
1056 89
1056 97
1056 147
1056 225
1056 237
1056 243
1056 279
1056 307
1056 338
1056 374
1056 401
1056 410
1056 431
1056 471
1056 483
1056 540
1056 552
1056 564
1056 627
1056 650
1056 669
1056 690
1056 691
1056 749
1056 750
1056 804
1056 816
1056 832
1056 843
1056 854
1056 868
1056 872
1056 925
1056 928
1056 968
1056 1010
1056 1022
1056 1025
1056 1028
1056 1100
1056 1116
1056 1118
1056 1130
1056 1150
1056 1183
1056 1241
1056 1255
1056 1266
1056 1310
1056 1341
1056 1440
1057 75
1057 1179
1058 311
1058 472
1058 554
1058 776
1058 825
1058 1069
1058 1295
1058 1443
1059 3
1059 39
1059 114
1059 136
1059 187
1059 391
1059 649
1059 666
1059 704
1059 1189
1059 1442
1061 171
1061 191
1061 429
1061 436
1061 446
1061 572
1061 760
1061 911
1061 961
1061 1189
1061 1260
1061 1390
1062 165
1062 216
1062 270
1062 395
1062 480
1062 602
1062 662
1062 791
1062 794
1062 836
1062 866
1062 923
1062 945
1062 950
1062 954
1062 999
1062 1023
1062 1042
1062 1301
1063 38
1063 80
1063 250
1063 258
1063 282
1063 289
1063 394
1063 502
1063 568
1063 664
1063 753
1063 755
1063 861
1063 875
1063 1167
1063 1195
1063 1286
1063 1319
1063 1348
1063 1415
1065 14
1065 140
1065 249
1065 250
1065 274
1065 286
1065 289
1065 394
1065 506
1065 603
1065 861
1065 962
1065 985
1065 1031
1065 1195
1065 1214
1065 1286
1065 1348
1066 98
1066 99
1066 185
1066 294
1066 310
1066 315
1066 316
1066 317
1066 341
1066 402
1066 408
1066 470
1066 533
1066 543
1066 551
1066 566
1066 572
1066 613
1066 630
1066 696
1066 726
1066 782
1066 811
1066 813
1066 815
1066 1014
1066 1021
1066 1026
1066 1039
1066 1092
1066 1098
1066 1171
1066 1226
1066 1230
1066 1308
1066 1324
1066 1358
1066 1361
1066 1381
1067 26
1067 28
1067 46
1067 84
1067 125
1067 164
1067 198
1067 221
1067 243
1067 311
1067 349
1067 400
1067 410
1067 415
1067 416
1067 501
1067 541
1067 564
1067 586
1067 671
1067 756
1067 764
1067 774
1067 791
1067 913
1067 937
1067 1068
1067 1117
1067 1177
1067 1186
1067 1301
1067 1380
1067 1402
1068 26
1068 37
1068 58
1068 84
1068 122
1068 125
1068 165
1068 173
1068 198
1068 243
1068 269
1068 410
1068 415
1068 416
1068 541
1068 586
1068 671
1068 764
1068 796
1068 937
1068 1003
1068 1117
1068 1186
1068 1321
1068 1401
1068 1402
1069 7
1069 327
1069 354
1069 472
1069 554
1069 825
1069 1240
1069 1295
1069 1393
1069 1443
1070 25
1070 141
1070 142
1070 169
1070 185
1070 259
1070 267
1070 351
1070 423
1070 519
1070 569
1070 592
1070 782
1070 880
1070 884
1070 1127
1070 1182
1070 1215
1070 1342
1070 1381
1071 611
1071 928
1072 26
1072 83
1072 253
1072 263
1072 264
1072 305
1072 327
1072 374
1072 449
1072 456
1072 490
1072 674
1072 726
1072 895
1072 906
1072 1216
1072 1413
1073 88
1073 140
1073 282
1073 289
1073 308
1073 328
1073 506
1073 610
1073 648
1073 755
1073 777
1073 1097
1073 1111
1073 1178
1073 1271
1073 1286
1073 1345
1073 1348
1074 31
1074 450
1074 639
1075 383
1075 1192
1077 75
1077 186
1077 195
1077 357
1077 406
1077 525
1077 577
1077 696
1077 775
1077 782
1077 857
1077 887
1077 897
1077 978
1077 1021
1077 1079
1077 1174
1077 1184
1077 1262
1077 1325
1078 778
1078 1142
1079 75
1079 186
1079 357
1079 406
1079 500
1079 525
1079 546
1079 577
1079 775
1079 782
1079 887
1079 897
1079 939
1079 978
1079 1021
1079 1084
1079 1174
1079 1184
1079 1262
1079 1270
1079 1280
1079 1325
1080 52
1080 536
1080 718
1080 1242
1081 454
1081 545
1081 597
1081 693
1081 721
1081 828
1081 838
1081 1367
1081 1372
1082 244
1082 280
1082 354
1082 360
1082 375
1082 429
1082 569
1082 941
1083 183
1083 235
1083 249
1083 258
1083 274
1083 286
1083 289
1083 394
1083 580
1083 648
1083 962
1083 985
1083 1065
1083 1195
1083 1214
1083 1286
1083 1348
1084 8
1084 21
1084 23
1084 60
1084 74
1084 75
1084 94
1084 98
1084 106
1084 113
1084 121
1084 155
1084 168
1084 169
1084 180
1084 186
1084 195
1084 205
1084 213
1084 214
1084 222
1084 233
1084 238
1084 244
1084 246
1084 260
1084 262
1084 294
1084 295
1084 300
1084 316
1084 323
1084 340
1084 341
1084 348
1084 357
1084 387
1084 402
1084 406
1084 408
1084 418
1084 425
1084 462
1084 469
1084 474
1084 475
1084 487
1084 493
1084 494
1084 495
1084 497
1084 500
1084 511
1084 515
1084 525
1084 527
1084 533
1084 537
1084 546
1084 559
1084 566
1084 577
1084 582
1084 599
1084 606
1084 628
1084 643
1084 646
1084 666
1084 675
1084 679
1084 682
1084 688
1084 689
1084 696
1084 711
1084 729
1084 744
1084 775
1084 782
1084 792
1084 801
1084 806
1084 808
1084 817
1084 832
1084 847
1084 857
1084 887
1084 897
1084 902
1084 903
1084 907
1084 919
1084 920
1084 932
1084 936
1084 939
1084 948
1084 961
1084 973
1084 978
1084 1017
1084 1021
1084 1038
1084 1066
1084 1077
1084 1079
1084 1092
1084 1098
1084 1114
1084 1120
1084 1134
1084 1170
1084 1184
1084 1205
1084 1225
1084 1230
1084 1236
1084 1245
1084 1246
1084 1249
1084 1253
1084 1280
1084 1313
1084 1324
1084 1338
1084 1357
1084 1358
1084 1364
1084 1392
1084 1397
1084 1430
1084 1434
1085 25
1085 39
1085 59
1085 65
1085 75
1085 119
1085 180
1085 187
1085 197
1085 218
1085 244
1085 259
1085 322
1085 365
1085 367
1085 546
1085 614
1085 621
1085 652
1085 666
1085 700
1085 704
1085 724
1085 741
1085 767
1085 782
1085 785
1085 792
1085 878
1085 880
1085 911
1085 972
1085 1102
1085 1109
1085 1120
1085 1128
1085 1157
1085 1166
1085 1245
1085 1261
1085 1268
1085 1309
1085 1314
1085 1338
1085 1390
1086 42
1086 104
1086 147
1086 200
1086 333
1086 352
1086 362
1086 410
1086 467
1086 598
1086 634
1086 709
1086 837
1086 944
1086 992
1086 1190
1086 1409
1086 1427
1087 97
1087 645
1090 110
1090 309
1090 312
1090 643
1090 685
1090 716
1090 835
1090 1342
1091 97
1091 168
1091 252
1091 355
1091 404
1091 447
1091 504
1091 595
1091 630
1091 639
1091 643
1091 717
1091 726
1091 774
1091 922
1091 966
1091 1172
1091 1176
1091 1237
1091 1398
1091 1417
1092 16
1092 60
1092 161
1092 185
1092 201
1092 205
1092 211
1092 231
1092 257
1092 294
1092 384
1092 387
1092 408
1092 440
1092 474
1092 487
1092 495
1092 511
1092 559
1092 566
1092 572
1092 613
1092 643
1092 661
1092 679
1092 682
1092 688
1092 707
1092 729
1092 737
1092 775
1092 792
1092 808
1092 815
1092 911
1092 916
1092 971
1092 977
1092 1021
1092 1026
1092 1039
1092 1098
1092 1134
1092 1171
1092 1185
1092 1189
1092 1225
1092 1226
1092 1228
1092 1230
1092 1253
1092 1308
1092 1324
1092 1332
1092 1338
1092 1353
1092 1381
1092 1419
1093 55
1093 147
1093 330
1093 389
1093 564
1093 653
1093 695
1093 803
1093 1034
1093 1193
1093 1235
1093 1285
1093 1328
1094 82
1094 103
1094 239
1094 251
1094 343
1094 345
1094 405
1094 562
1094 571
1094 820
1094 914
1094 1002
1094 1446
1095 44
1095 81
1095 153
1095 234
1095 241
1095 332
1095 518
1095 587
1095 635
1095 678
1095 805
1095 1043
1095 1054
1095 1293
1095 1366
1095 1400
1095 1437
1096 325
1096 428
1096 666
1096 1258
1097 4
1097 69
1097 71
1097 88
1097 111
1097 139
1097 140
1097 162
1097 196
1097 203
1097 217
1097 219
1097 250
1097 254
1097 256
1097 258
1097 282
1097 308
1097 321
1097 328
1097 361
1097 385
1097 394
1097 426
1097 492
1097 506
1097 517
1097 573
1097 597
1097 600
1097 610
1097 648
1097 697
1097 755
1097 830
1097 831
1097 841
1097 861
1097 956
1097 959
1097 986
1097 1049
1097 1073
1097 1111
1097 1143
1097 1178
1097 1210
1097 1271
1097 1286
1097 1296
1097 1319
1097 1330
1097 1348
1097 1385
1097 1432
1098 90
1098 98
1098 99
1098 102
1098 168
1098 181
1098 185
1098 201
1098 205
1098 211
1098 231
1098 248
1098 257
1098 260
1098 294
1098 316
1098 384
1098 402
1098 425
1098 440
1098 487
1098 533
1098 559
1098 566
1098 572
1098 608
1098 613
1098 643
1098 661
1098 682
1098 688
1098 696
1098 729
1098 733
1098 737
1098 744
1098 782
1098 792
1098 815
1098 971
1098 1021
1098 1066
1098 1092
1098 1171
1098 1185
1098 1189
1098 1223
1098 1225
1098 1226
1098 1228
1098 1230
1098 1253
1098 1267
1098 1298
1098 1308
1098 1332
1098 1335
1098 1353
1098 1358
1098 1419
1099 97
1099 178
1099 208
1099 216
1099 229
1099 239
1099 270
1099 271
1099 313
1099 331
1099 342
1099 371
1099 392
1099 395
1099 447
1099 480
1099 526
1099 602
1099 639
1099 650
1099 662
1099 717
1099 769
1099 791
1099 794
1099 871
1099 940
1099 950
1099 953
1099 954
1099 990
1099 1032
1099 1042
1099 1091
1099 1110
1099 1137
1099 1172
1099 1176
1099 1183
1099 1437
1099 1444
1100 62
1100 68
1100 83
1100 126
1100 147
1100 237
1100 301
1100 307
1100 431
1100 432
1100 467
1100 471
1100 543
1100 552
1100 622
1100 650
1100 690
1100 722
1100 738
1100 779
1100 804
1100 832
1100 854
1100 913
1100 968
1100 975
1100 1118
1100 1141
1100 1247
1100 1255
1100 1346
1100 1347
1100 1350
1100 1373
1101 153
1101 236
1101 278
1101 491
1101 496
1101 539
1101 622
1101 694
1101 745
1101 846
1101 877
1101 1126
1101 1140
1101 1152
1101 1275
1101 1283
1101 1336
1101 1354
1101 1398
1101 1405
1102 119
1102 133
1102 197
1102 322
1102 476
1102 493
1102 614
1102 621
1102 700
1102 704
1102 713
1102 741
1102 767
1102 782
1102 911
1102 1006
1102 1120
1102 1221
1102 1245
1102 1314
1102 1323
1102 1390
1103 75
1103 98
1103 106
1103 168
1103 180
1103 257
1103 294
1103 299
1103 406
1103 500
1103 525
1103 533
1103 546
1103 608
1103 643
1103 679
1103 782
1103 808
1103 815
1103 857
1103 887
1103 897
1103 903
1103 911
1103 939
1103 973
1103 1026
1103 1084
1103 1092
1103 1166
1103 1174
1103 1220
1103 1233
1103 1236
1103 1280
1103 1288
1103 1313
1103 1324
1103 1335
1103 1338
1103 1364
1103 1392
1104 543
1104 952
1104 1132
1104 1445
1105 412
1105 1207
1106 4
1106 22
1106 87
1106 128
1106 140
1106 162
1106 203
1106 217
1106 219
1106 258
1106 274
1106 321
1106 394
1106 420
1106 422
1106 466
1106 600
1106 641
1106 830
1106 1055
1106 1273
1106 1319
1106 1330
1106 1348
1106 1407
1106 1432
1108 15
1108 243
1108 251
1108 473
1108 855
1108 922
1108 938
1109 25
1109 75
1109 180
1109 187
1109 207
1109 367
1109 614
1109 621
1109 652
1109 700
1109 704
1109 741
1109 772
1109 911
1109 1120
1109 1245
1109 1314
1109 1323
1109 1338
1110 216
1110 229
1110 270
1110 342
1110 395
1110 480
1110 526
1110 602
1110 662
1110 794
1110 866
1110 945
1110 950
1110 953
1110 954
1110 1013
1110 1023
1110 1042
1110 1062
1110 1099
1110 1137
1110 1301
1111 88
1111 282
1111 308
1111 328
1111 444
1111 506
1111 777
1111 1047
1111 1178
1111 1348
1112 643
1112 1342
1113 135
1113 245
1113 459
1113 616
1113 791
1113 1370
1114 106
1114 169
1114 348
1114 387
1114 469
1114 666
1114 849
1114 920
1114 1017
1114 1120
1114 1245
1116 68
1116 78
1116 83
1116 89
1116 243
1116 273
1116 307
1116 401
1116 410
1116 467
1116 570
1116 650
1116 669
1116 690
1116 763
1116 779
1116 804
1116 832
1116 854
1116 968
1116 1022
1116 1056
1116 1118
1116 1183
1116 1255
1116 1341
1116 1440
1117 37
1117 46
1117 58
1117 122
1117 164
1117 165
1117 243
1117 349
1117 410
1117 415
1117 416
1117 458
1117 512
1117 541
1117 586
1117 663
1117 764
1117 791
1117 913
1117 937
1117 1003
1117 1177
1117 1186
1117 1301
1117 1321
1117 1402
1117 1414
1118 126
1118 243
1118 279
1118 471
1118 622
1118 650
1118 669
1118 750
1118 779
1118 816
1118 832
1118 854
1118 968
1118 976
1118 1020
1118 1036
1118 1056
1118 1130
1118 1183
1118 1241
1118 1266
1118 1303
1118 1341
1118 1386
1119 85
1119 724
1119 960
1119 1120
1120 25
1120 59
1120 65
1120 85
1120 94
1120 106
1120 119
1120 169
1120 180
1120 187
1120 197
1120 207
1120 218
1120 244
1120 259
1120 322
1120 341
1120 348
1120 367
1120 387
1120 469
1120 475
1120 476
1120 493
1120 546
1120 614
1120 621
1120 643
1120 652
1120 666
1120 700
1120 713
1120 724
1120 729
1120 741
1120 767
1120 772
1120 782
1120 792
1120 806
1120 849
1120 878
1120 880
1120 886
1120 911
1120 920
1120 936
1120 948
1120 960
1120 972
1120 1006
1120 1017
1120 1084
1120 1085
1120 1102
1120 1109
1120 1114
1120 1119
1120 1128
1120 1166
1120 1170
1120 1205
1120 1221
1120 1245
1120 1309
1120 1314
1120 1323
1120 1338
1120 1390
1122 140
1122 183
1122 235
1122 250
1122 258
1122 286
1122 648
1122 693
1122 831
1122 861
1122 962
1122 1065
1122 1083
1122 1195
1122 1214
1122 1348
1123 30
1123 84
1123 118
1123 120
1123 170
1123 172
1123 192
1123 210
1123 240
1123 263
1123 265
1123 287
1123 410
1123 421
1123 456
1123 468
1123 484
1123 563
1123 586
1123 637
1123 640
1123 715
1123 726
1123 779
1123 788
1123 827
1123 914
1123 920
1123 943
1123 994
1123 997
1123 1041
1123 1138
1123 1211
1123 1263
1123 1290
1123 1292
1123 1305
1123 1307
1123 1317
1123 1320
1123 1326
1123 1359
1123 1361
1123 1382
1123 1388
1123 1398
1123 1416
1124 17
1124 107
1124 201
1124 218
1124 408
1124 679
1124 699
1124 797
1124 858
1124 915
1124 1019
1124 1026
1124 1269
1124 1332
1124 1421
1126 278
1126 622
1126 694
1126 877
1126 1354
1127 141
1127 142
1127 169
1127 259
1127 519
1127 569
1127 884
1127 1070
1127 1182
1127 1342
1127 1381
1128 39
1128 75
1128 643
1128 652
1128 666
1128 724
1128 878
1128 880
1128 911
1128 1006
1128 1085
1128 1109
1128 1245
1128 1314
1128 1338
1129 807
1129 1363
1129 1410
1130 33
1130 62
1130 83
1130 89
1130 228
1130 230
1130 237
1130 243
1130 273
1130 279
1130 301
1130 338
1130 374
1130 409
1130 410
1130 431
1130 471
1130 474
1130 483
1130 535
1130 540
1130 543
1130 553
1130 564
1130 570
1130 595
1130 627
1130 639
1130 650
1130 670
1130 691
1130 722
1130 750
1130 757
1130 784
1130 804
1130 816
1130 832
1130 850
1130 854
1130 868
1130 872
1130 894
1130 909
1130 968
1130 969
1130 975
1130 976
1130 998
1130 1010
1130 1022
1130 1025
1130 1036
1130 1052
1130 1118
1130 1141
1130 1183
1130 1266
1130 1303
1130 1310
1130 1341
1130 1346
1130 1347
1130 1373
1130 1386
1131 258
1131 655
1132 55
1132 201
1132 244
1132 263
1132 443
1132 543
1132 584
1132 595
1132 626
1132 639
1132 803
1132 823
1132 922
1132 952
1132 970
1132 1104
1132 1145
1132 1299
1132 1307
1132 1315
1132 1320
1132 1327
1132 1343
1132 1398
1132 1433
1132 1438
1132 1445
1133 4
1133 51
1133 168
1133 272
1133 355
1133 398
1133 497
1133 608
1133 643
1133 719
1133 734
1133 824
1133 838
1133 1234
1133 1237
1133 1396
1134 16
1134 102
1134 168
1134 181
1134 211
1134 231
1134 260
1134 294
1134 341
1134 347
1134 425
1134 511
1134 533
1134 566
1134 572
1134 613
1134 661
1134 666
1134 688
1134 707
1134 782
1134 792
1134 808
1134 815
1134 911
1134 1026
1134 1084
1134 1092
1134 1171
1134 1185
1134 1226
1134 1228
1134 1338
1134 1419
1136 354
1136 922
1137 97
1137 165
1137 229
1137 239
1137 836
1137 940
1137 999
1137 1042
1137 1301
1138 30
1138 84
1138 170
1138 210
1138 240
1138 265
1138 410
1138 421
1138 447
1138 456
1138 468
1138 484
1138 563
1138 586
1138 637
1138 640
1138 827
1138 914
1138 920
1138 943
1138 997
1138 1123
1138 1211
1138 1263
1138 1292
1138 1307
1138 1320
1138 1326
1138 1359
1138 1416
1139 97
1139 165
1139 216
1139 229
1139 270
1139 342
1139 395
1139 791
1139 836
1139 923
1139 940
1139 950
1139 953
1139 999
1139 1023
1139 1110
1139 1137
1139 1351
1140 153
1140 369
1140 496
1140 745
1140 846
1140 867
1140 874
1140 1101
1140 1241
1140 1344
1140 1436
1141 68
1141 83
1141 126
1141 147
1141 237
1141 243
1141 279
1141 301
1141 338
1141 431
1141 432
1141 471
1141 543
1141 595
1141 622
1141 639
1141 650
1141 690
1141 691
1141 722
1141 750
1141 804
1141 832
1141 843
1141 913
1141 925
1141 968
1141 969
1141 1022
1141 1130
1141 1183
1141 1247
1141 1303
1141 1341
1141 1347
1141 1350
1141 1373
1142 320
1142 463
1142 778
1142 1078
1143 79
1143 88
1143 105
1143 190
1143 219
1143 258
1143 283
1143 394
1143 454
1143 486
1143 573
1143 597
1143 693
1143 703
1143 721
1143 762
1143 831
1143 838
1143 956
1143 959
1143 981
1143 986
1143 1081
1143 1097
1143 1195
1143 1287
1144 339
1144 986
1145 55
1145 595
1145 803
1145 922
1145 1132
1145 1299
1145 1315
1145 1327
1145 1398
1145 1438
1149 81
1149 145
1149 153
1149 234
1149 241
1149 332
1149 587
1149 805
1149 856
1149 965
1149 1043
1149 1054
1149 1095
1149 1199
1149 1293
1149 1366
1149 1400
1149 1437
1150 20
1150 78
1150 97
1150 147
1150 243
1150 273
1150 279
1150 307
1150 374
1150 401
1150 410
1150 431
1150 471
1150 535
1150 540
1150 543
1150 595
1150 622
1150 650
1150 670
1150 750
1150 757
1150 763
1150 779
1150 816
1150 832
1150 913
1150 976
1150 1022
1150 1025
1150 1056
1150 1116
1150 1118
1150 1141
1150 1183
1150 1346
1150 1350
1150 1386
1151 1413
1152 36
1152 278
1152 431
1152 441
1152 491
1152 539
1152 622
1152 694
1152 877
1152 1101
1152 1126
1152 1275
1152 1354
1153 548
1153 550
1153 986
1153 1329
1153 1396
1154 334
1154 343
1154 748
1154 863
1154 1248
1155 0
1155 4
1155 67
1155 73
1155 101
1155 147
1155 182
1155 456
1155 784
1155 868
1155 884
1155 1224
1155 1379
1155 1388
1155 1398
1156 334
1156 343
1156 410
1156 748
1156 863
1156 1154
1156 1248
1156 1305
1157 25
1157 39
1157 59
1157 65
1157 119
1157 180
1157 187
1157 207
1157 244
1157 259
1157 365
1157 493
1157 646
1157 652
1157 667
1157 767
1157 780
1157 782
1157 792
1157 878
1157 886
1157 1085
1157 1102
1157 1120
1157 1208
1157 1221
1157 1245
1157 1261
1157 1268
1157 1314
1157 1338
1158 1240
1158 1394
1158 1422
1160 876
1160 989
1161 524
1161 666
1161 1189
1161 1229
1161 1245
1162 93
1162 135
1162 479
1162 770
1162 774
1162 922
1162 1180
1163 124
1163 129
1163 904
1163 922
1163 1209
1164 447
1164 1356
1166 65
1166 75
1166 119
1166 180
1166 187
1166 244
1166 259
1166 299
1166 406
1166 476
1166 546
1166 614
1166 628
1166 704
1166 713
1166 782
1166 887
1166 1085
1166 1109
1166 1120
1166 1174
1166 1233
1166 1245
1166 1288
1166 1309
1166 1313
1166 1314
1166 1325
1166 1338
1167 18
1167 38
1167 70
1167 80
1167 250
1167 258
1167 266
1167 282
1167 286
1167 289
1167 308
1167 394
1167 502
1167 506
1167 568
1167 664
1167 677
1167 706
1167 753
1167 755
1167 777
1167 809
1167 845
1167 861
1167 875
1167 1063
1167 1195
1167 1251
1167 1271
1167 1286
1167 1319
1167 1348
1167 1415
1169 104
1169 147
1169 200
1169 352
1169 362
1169 467
1169 598
1169 639
1169 837
1169 898
1169 944
1169 1004
1169 1086
1169 1190
1169 1248
1169 1409
1169 1413
1169 1427
1170 8
1170 21
1170 94
1170 180
1170 341
1170 475
1170 494
1170 643
1170 729
1170 806
1170 903
1170 936
1170 948
1170 973
1170 1084
1170 1103
1170 1120
1170 1205
1170 1220
1170 1236
1170 1338
1170 1397
1171 39
1171 60
1171 98
1171 99
1171 102
1171 161
1171 168
1171 181
1171 185
1171 201
1171 205
1171 231
1171 257
1171 260
1171 294
1171 316
1171 341
1171 387
1171 408
1171 425
1171 440
1171 511
1171 533
1171 559
1171 566
1171 572
1171 608
1171 613
1171 661
1171 666
1171 679
1171 688
1171 696
1171 707
1171 744
1171 775
1171 808
1171 815
1171 911
1171 916
1171 971
1171 1026
1171 1039
1171 1092
1171 1189
1171 1226
1171 1228
1171 1230
1171 1267
1171 1274
1171 1298
1171 1308
1171 1332
1171 1335
1171 1338
1171 1353
1171 1381
1172 97
1172 447
1172 585
1172 595
1172 726
1172 796
1172 922
1172 1091
1172 1099
1172 1176
1172 1241
1172 1391
1173 11
1173 839
1174 75
1174 186
1174 195
1174 299
1174 357
1174 406
1174 500
1174 525
1174 546
1174 577
1174 628
1174 729
1174 775
1174 782
1174 857
1174 887
1174 897
1174 978
1174 1021
1174 1079
1174 1084
1174 1166
1174 1184
1174 1233
1174 1262
1174 1270
1174 1280
1174 1288
1174 1313
1174 1325
1174 1338
1174 1364
1175 27
1175 49
1175 80
1175 258
1175 282
1175 356
1175 445
1175 465
1175 481
1175 558
1175 583
1175 664
1175 755
1175 861
1175 980
1175 1001
1175 1195
1175 1286
1175 1348
1176 26
1176 97
1176 132
1176 147
1176 253
1176 263
1176 305
1176 374
1176 447
1176 490
1176 522
1176 639
1176 674
1176 726
1176 1091
1176 1099
1176 1172
1176 1216
1176 1413
1176 1447
1177 28
1177 37
1177 46
1177 58
1177 122
1177 125
1177 164
1177 165
1177 243
1177 311
1177 346
1177 349
1177 397
1177 415
1177 416
1177 458
1177 541
1177 549
1177 564
1177 586
1177 663
1177 958
1177 1068
1177 1117
1177 1217
1177 1301
1177 1321
1177 1414
1178 88
1178 282
1178 308
1178 506
1178 610
1178 755
1178 777
1178 1097
1178 1111
1179 75
1179 1057
1180 93
1180 135
1180 479
1180 770
1180 774
1182 142
1182 169
1182 259
1182 267
1182 569
1182 592
1182 782
1182 884
1182 1070
1182 1127
1182 1342
1182 1381
1183 62
1183 68
1183 78
1183 89
1183 225
1183 228
1183 243
1183 301
1183 307
1183 313
1183 331
1183 338
1183 371
1183 374
1183 392
1183 401
1183 410
1183 431
1183 467
1183 535
1183 540
1183 543
1183 552
1183 669
1183 690
1183 691
1183 750
1183 763
1183 769
1183 779
1183 804
1183 816
1183 832
1183 854
1183 871
1183 872
1183 894
1183 909
1183 925
1183 927
1183 928
1183 968
1183 1010
1183 1020
1183 1022
1183 1052
1183 1056
1183 1099
1183 1116
1183 1118
1183 1130
1183 1141
1183 1241
1183 1255
1183 1266
1183 1310
1183 1347
1183 1350
1183 1386
1184 75
1184 186
1184 299
1184 357
1184 406
1184 500
1184 525
1184 729
1184 887
1184 897
1184 939
1184 978
1184 1021
1184 1079
1184 1233
1184 1262
1184 1270
1184 1325
1184 1392
1185 90
1185 102
1185 168
1185 185
1185 211
1185 231
1185 233
1185 316
1185 387
1185 402
1185 408
1185 487
1185 493
1185 495
1185 497
1185 559
1185 566
1185 608
1185 643
1185 646
1185 666
1185 682
1185 737
1185 780
1185 801
1185 808
1185 911
1185 977
1185 1021
1185 1026
1185 1066
1185 1092
1185 1098
1185 1171
1185 1188
1185 1230
1185 1249
1185 1253
1185 1298
1185 1308
1185 1338
1185 1376
1186 26
1186 28
1186 37
1186 58
1186 84
1186 122
1186 164
1186 165
1186 173
1186 198
1186 243
1186 269
1186 311
1186 346
1186 349
1186 397
1186 407
1186 410
1186 416
1186 458
1186 501
1186 549
1186 556
1186 564
1186 586
1186 663
1186 671
1186 756
1186 764
1186 791
1186 796
1186 937
1186 958
1186 1003
1186 1034
1186 1067
1186 1117
1186 1177
1186 1217
1186 1301
1186 1321
1186 1368
1186 1402
1187 276
1187 447
1187 642
1187 1004
1187 1051
1187 1212
1187 1433
1188 168
1188 214
1188 408
1188 493
1188 497
1188 537
1188 614
1188 666
1188 1084
1188 1185
1188 1249
1188 1253
1189 3
1189 39
1189 99
1189 114
1189 136
1189 161
1189 171
1189 187
1189 191
1189 244
1189 248
1189 341
1189 347
1189 384
1189 387
1189 408
1189 436
1189 440
1189 446
1189 487
1189 495
1189 572
1189 608
1189 613
1189 643
1189 649
1189 666
1189 679
1189 688
1189 704
1189 733
1189 744
1189 782
1189 792
1189 808
1189 815
1189 902
1189 911
1189 961
1189 971
1189 1026
1189 1038
1189 1059
1189 1098
1189 1103
1189 1223
1189 1229
1189 1259
1189 1260
1189 1267
1189 1270
1189 1298
1189 1335
1189 1338
1189 1353
1189 1390
1189 1442
1190 42
1190 104
1190 147
1190 200
1190 245
1190 333
1190 352
1190 362
1190 410
1190 467
1190 598
1190 634
1190 740
1190 837
1190 944
1190 992
1190 1004
1190 1409
1190 1413
1191 1009
1191 1433
1192 1075
1193 330
1193 389
1193 803
1193 1034
1193 1093
1193 1328
1194 178
1194 829
1195 4
1195 14
1195 22
1195 27
1195 38
1195 49
1195 69
1195 71
1195 80
1195 87
1195 88
1195 92
1195 128
1195 140
1195 149
1195 162
1195 176
1195 183
1195 196
1195 203
1195 217
1195 219
1195 235
1195 249
1195 250
1195 254
1195 255
1195 258
1195 261
1195 266
1195 274
1195 281
1195 282
1195 283
1195 286
1195 288
1195 289
1195 308
1195 321
1195 328
1195 353
1195 356
1195 361
1195 394
1195 420
1195 422
1195 424
1195 426
1195 445
1195 454
1195 465
1195 466
1195 481
1195 486
1195 498
1195 506
1195 507
1195 517
1195 538
1195 545
1195 558
1195 576
1195 580
1195 583
1195 597
1195 600
1195 610
1195 615
1195 641
1195 648
1195 664
1195 668
1195 677
1195 693
1195 697
1195 703
1195 706
1195 710
1195 753
1195 755
1195 762
1195 771
1195 777
1195 828
1195 830
1195 831
1195 841
1195 861
1195 875
1195 890
1195 955
1195 959
1195 980
1195 986
1195 1001
1195 1011
1195 1031
1195 1044
1195 1049
1195 1055
1195 1065
1195 1073
1195 1083
1195 1097
1195 1106
1195 1111
1195 1122
1195 1143
1195 1167
1195 1175
1195 1178
1195 1210
1195 1214
1195 1271
1195 1273
1195 1277
1195 1284
1195 1286
1195 1287
1195 1296
1195 1319
1195 1330
1195 1331
1195 1348
1195 1367
1195 1385
1195 1399
1195 1407
1195 1415
1195 1432
1196 746
1196 1348
1197 756
1197 781
1197 1243
1198 227
1198 535
1198 913
1199 44
1199 81
1199 153
1199 234
1199 332
1199 399
1199 518
1199 587
1199 635
1199 743
1199 805
1199 917
1199 1043
1199 1054
1199 1095
1199 1149
1199 1293
1199 1366
1199 1400
1199 1437
1201 258
1201 274
1201 442
1201 461
1201 478
1201 548
1201 648
1201 831
1201 924
1201 995
1201 1271
1201 1276
1202 157
1202 188
1202 931
1203 258
1203 289
1203 548
1203 550
1203 812
1203 1033
1204 138
1204 219
1204 986
1205 94
1205 341
1205 475
1205 729
1205 806
1205 936
1205 948
1205 1120
1205 1170
1206 1368
1207 412
1207 1105
1208 259
1208 646
1208 667
1208 780
1208 886
1208 1221
1209 124
1209 129
1209 904
1209 922
1209 1163
1210 22
1210 71
1210 139
1210 140
1210 162
1210 196
1210 219
1210 254
1210 258
1210 328
1210 361
1210 492
1210 517
1210 590
1210 597
1210 648
1210 697
1210 830
1210 1055
1210 1097
1210 1195
1210 1284
1210 1286
1210 1296
1210 1330
1210 1432
1211 30
1211 170
1211 226
1211 265
1211 368
1211 410
1211 456
1211 467
1211 563
1211 595
1211 650
1211 705
1211 881
1211 943
1211 1138
1211 1307
1211 1398
1212 1051
1212 1187
1214 53
1214 69
1214 128
1214 149
1214 183
1214 203
1214 224
1214 249
1214 250
1214 258
1214 261
1214 274
1214 286
1214 288
1214 289
1214 394
1214 498
1214 506
1214 507
1214 597
1214 615
1214 648
1214 697
1214 861
1214 934
1214 955
1214 962
1214 1031
1214 1044
1214 1049
1214 1065
1214 1083
1214 1097
1214 1195
1214 1271
1214 1286
1214 1319
1214 1348
1214 1385
1215 141
1215 169
1215 185
1215 259
1215 267
1215 592
1215 724
1215 782
1215 880
1215 1070
1215 1342
1216 26
1216 132
1216 147
1216 227
1216 253
1216 263
1216 305
1216 327
1216 374
1216 456
1216 490
1216 496
1216 522
1216 564
1216 565
1216 639
1216 726
1216 846
1216 851
1216 895
1216 1176
1216 1413
1216 1447
1217 84
1217 311
1217 349
1217 407
1217 416
1217 501
1217 512
1217 556
1217 593
1217 756
1217 774
1217 1003
1217 1368
1217 1401
1217 1402
1217 1414
1218 509
1218 1027
1218 1395
1219 227
1219 447
1220 643
1220 903
1220 973
1220 1103
1221 39
1221 59
1221 119
1221 133
1221 207
1221 259
1221 365
1221 367
1221 398
1221 423
1221 476
1221 531
1221 614
1221 621
1221 643
1221 646
1221 667
1221 741
1221 767
1221 780
1221 878
1221 880
1221 886
1221 972
1221 1006
1221 1085
1221 1109
1221 1120
1221 1128
1221 1208
1221 1309
1221 1314
1221 1323
1221 1338
1221 1390
1223 90
1223 106
1223 180
1223 201
1223 205
1223 231
1223 257
1223 294
1223 440
1223 474
1223 487
1223 495
1223 572
1223 608
1223 666
1223 679
1223 688
1223 733
1223 795
1223 815
1223 911
1223 971
1223 977
1223 1026
1223 1092
1223 1098
1223 1103
1223 1134
1223 1274
1223 1298
1223 1324
1223 1335
1223 1338
1223 1358
1224 0
1224 4
1224 67
1224 73
1224 101
1224 147
1224 182
1224 210
1224 784
1224 868
1224 884
1224 1155
1224 1379
1224 1388
1225 60
1225 90
1225 161
1225 231
1225 294
1225 316
1225 387
1225 474
1225 487
1225 495
1225 559
1225 608
1225 613
1225 643
1225 666
1225 679
1225 729
1225 737
1225 775
1225 815
1225 911
1225 977
1225 1021
1225 1026
1225 1039
1225 1189
1225 1223
1225 1253
1225 1267
1225 1308
1225 1324
1225 1353
1225 1381
1225 1419
1226 16
1226 60
1226 168
1226 181
1226 231
1226 294
1226 316
1226 347
1226 384
1226 387
1226 425
1226 440
1226 511
1226 533
1226 566
1226 608
1226 661
1226 679
1226 682
1226 696
1226 707
1226 775
1226 782
1226 808
1226 815
1226 1026
1226 1039
1226 1092
1226 1134
1226 1171
1226 1189
1226 1225
1226 1308
1226 1324
1226 1358
1227 291
1227 335
1227 401
1228 60
1228 102
1228 161
1228 181
1228 185
1228 201
1228 211
1228 231
1228 248
1228 257
1228 260
1228 341
1228 347
1228 387
1228 425
1228 533
1228 559
1228 572
1228 608
1228 613
1228 661
1228 688
1228 707
1228 729
1228 744
1228 775
1228 782
1228 815
1228 911
1228 1039
1228 1066
1228 1092
1228 1185
1228 1225
1228 1274
1228 1298
1229 524
1229 1161
1229 1189
1229 1245
1229 1324
1230 16
1230 60
1230 98
1230 106
1230 161
1230 180
1230 185
1230 211
1230 231
1230 257
1230 260
1230 294
1230 316
1230 347
1230 387
1230 408
1230 425
1230 440
1230 452
1230 474
1230 487
1230 495
1230 511
1230 533
1230 559
1230 566
1230 572
1230 608
1230 643
1230 661
1230 682
1230 688
1230 696
1230 707
1230 729
1230 737
1230 775
1230 782
1230 792
1230 808
1230 815
1230 911
1230 916
1230 1021
1230 1026
1230 1039
1230 1066
1230 1092
1230 1134
1230 1171
1230 1185
1230 1225
1230 1226
1230 1253
1230 1298
1230 1308
1230 1338
1230 1358
1230 1419
1231 311
1231 472
1231 554
1231 776
1231 825
1231 1058
1231 1069
1231 1443
1233 32
1233 75
1233 195
1233 299
1233 406
1233 542
1233 628
1233 775
1233 782
1233 887
1233 897
1233 1021
1233 1103
1233 1174
1233 1280
1233 1288
1233 1338
1233 1364
1233 1392
1234 51
1234 168
1234 297
1234 336
1234 382
1234 398
1234 497
1234 608
1234 734
1234 838
1234 1237
1234 1294
1234 1360
1234 1398
1235 55
1235 147
1235 239
1235 330
1235 389
1235 653
1235 695
1235 803
1235 869
1235 914
1235 1093
1235 1193
1235 1285
1235 1328
1236 8
1236 21
1236 180
1236 643
1236 903
1236 973
1236 1103
1236 1170
1236 1220
1236 1338
1236 1397
1237 51
1237 168
1237 252
1237 336
1237 404
1237 643
1237 824
1237 1091
1237 1398
1238 153
1238 399
1238 587
1238 635
1238 678
1238 743
1238 1095
1238 1366
1239 79
1239 88
1239 176
1239 190
1239 219
1239 250
1239 255
1239 261
1239 288
1239 289
1239 426
1239 477
1239 486
1239 545
1239 609
1239 703
1239 710
1239 828
1239 831
1239 838
1239 959
1239 981
1239 986
1239 996
1239 1027
1239 1143
1239 1262
1239 1287
1239 1372
1240 7
1240 37
1240 215
1240 263
1240 298
1240 327
1240 343
1240 354
1240 410
1240 435
1240 490
1240 508
1240 598
1240 622
1240 659
1240 665
1240 672
1240 681
1240 735
1240 773
1240 1024
1240 1069
1240 1158
1240 1285
1240 1291
1240 1349
1240 1393
1240 1394
1240 1413
1240 1422
1241 7
1241 68
1241 89
1241 97
1241 147
1241 225
1241 228
1241 230
1241 243
1241 279
1241 368
1241 374
1241 431
1241 447
1241 496
1241 540
1241 543
1241 585
1241 595
1241 598
1241 609
1241 622
1241 627
1241 669
1241 670
1241 690
1241 726
1241 749
1241 750
1241 763
1241 796
1241 804
1241 843
1241 861
1241 872
1241 874
1241 922
1241 925
1241 927
1241 928
1241 968
1241 975
1241 1010
1241 1022
1241 1036
1241 1052
1241 1056
1241 1130
1241 1140
1241 1183
1241 1310
1241 1341
1241 1344
1241 1386
1242 258
1242 536
1242 718
1242 1080
1243 756
1243 1197
1244 24
1244 368
1244 747
1244 754
1245 25
1245 39
1245 65
1245 106
1245 119
1245 169
1245 187
1245 207
1245 218
1245 259
1245 322
1245 348
1245 365
1245 367
1245 387
1245 423
1245 469
1245 476
1245 493
1245 524
1245 531
1245 572
1245 614
1245 621
1245 666
1245 700
1245 704
1245 713
1245 724
1245 741
1245 767
1245 782
1245 785
1245 792
1245 849
1245 878
1245 880
1245 911
1245 920
1245 1017
1245 1084
1245 1085
1245 1102
1245 1109
1245 1114
1245 1120
1245 1161
1245 1166
1245 1189
1245 1221
1245 1229
1245 1261
1245 1268
1245 1309
1245 1314
1245 1323
1245 1324
1245 1338
1246 180
1246 295
1246 582
1246 711
1246 1084
1246 1280
1247 43
1247 62
1247 126
1247 147
1247 225
1247 237
1247 279
1247 301
1247 374
1247 409
1247 431
1247 432
1247 471
1247 535
1247 622
1247 627
1247 650
1247 669
1247 690
1247 691
1247 722
1247 750
1247 784
1247 832
1247 894
1247 998
1247 1010
1247 1056
1247 1116
1247 1130
1247 1150
1247 1241
1247 1266
1247 1303
1247 1341
1247 1373
1247 1440
1248 104
1248 147
1248 200
1248 333
1248 334
1248 343
1248 352
1248 634
1248 709
1248 717
1248 748
1248 837
1248 863
1248 987
1248 1154
1248 1413
1249 74
1249 113
1249 168
1249 233
1249 408
1249 418
1249 462
1249 493
1249 497
1249 537
1249 559
1249 606
1249 614
1249 666
1249 1185
1249 1188
1249 1253
1249 1347
1249 1430
1251 18
1251 38
1251 250
1251 258
1251 266
1251 282
1251 286
1251 289
1251 308
1251 394
1251 502
1251 697
1251 706
1251 753
1251 766
1251 809
1251 1167
1251 1195
1251 1271
1251 1286
1251 1319
1251 1348
1251 1415
1252 10
1252 118
1252 120
1252 192
1252 263
1252 421
1252 715
1252 726
1252 736
1252 788
1252 994
1252 1041
1252 1290
1252 1305
1252 1317
1252 1361
1252 1382
1252 1398
1252 1433
1253 90
1253 94
1253 99
1253 106
1253 113
1253 155
1253 168
1253 171
1253 180
1253 187
1253 211
1253 233
1253 294
1253 316
1253 341
1253 348
1253 387
1253 401
1253 408
1253 418
1253 425
1253 462
1253 474
1253 487
1253 493
1253 495
1253 497
1253 515
1253 533
1253 537
1253 555
1253 559
1253 566
1253 599
1253 606
1253 614
1253 632
1253 646
1253 666
1253 688
1253 689
1253 696
1253 729
1253 733
1253 817
1253 902
1253 916
1253 977
1253 1021
1253 1084
1253 1092
1253 1171
1253 1185
1253 1188
1253 1225
1253 1249
1253 1267
1253 1280
1253 1298
1253 1308
1253 1324
1253 1332
1253 1338
1253 1347
1253 1353
1253 1358
1253 1419
1253 1430
1254 567
1254 886
1255 243
1255 401
1255 409
1255 431
1255 432
1255 564
1255 639
1255 650
1255 670
1255 722
1255 779
1255 832
1255 854
1255 968
1255 1056
1255 1118
1255 1130
1255 1150
1255 1183
1255 1266
1256 201
1256 639
1256 823
1256 1132
1256 1327
1257 340
1257 516
1258 325
1258 428
1258 666
1258 1096
1259 12
1259 711
1259 933
1259 1189
1259 1270
1260 171
1260 191
1260 429
1260 436
1260 446
1260 572
1260 760
1260 862
1260 911
1260 961
1260 1061
1260 1189
1260 1312
1260 1390
1261 25
1261 59
1261 119
1261 259
1261 322
1261 365
1261 423
1261 493
1261 643
1261 666
1261 724
1261 767
1261 782
1261 785
1261 878
1261 1085
1261 1102
1261 1157
1261 1245
1261 1268
1261 1309
1261 1314
1261 1338
1262 75
1262 79
1262 88
1262 127
1262 176
1262 186
1262 190
1262 195
1262 219
1262 255
1262 261
1262 288
1262 357
1262 406
1262 426
1262 454
1262 477
1262 486
1262 500
1262 525
1262 576
1262 628
1262 729
1262 775
1262 828
1262 831
1262 838
1262 959
1262 978
1262 981
1262 996
1262 1021
1262 1077
1262 1079
1262 1143
1262 1174
1262 1184
1262 1239
1262 1270
1262 1287
1262 1325
1262 1364
1262 1372
1263 210
1263 240
1263 410
1263 421
1263 447
1263 468
1263 563
1263 586
1263 637
1263 640
1263 827
1263 943
1263 1123
1263 1138
1263 1292
1263 1307
1263 1320
1263 1326
1263 1416
1265 417
1265 557
1265 594
1265 883
1266 78
1266 147
1266 225
1266 228
1266 243
1266 410
1266 564
1266 650
1266 669
1266 816
1266 913
1266 968
1266 975
1266 1010
1266 1056
1266 1183
1266 1310
1267 90
1267 106
1267 180
1267 201
1267 231
1267 257
1267 316
1267 440
1267 487
1267 533
1267 572
1267 608
1267 613
1267 666
1267 688
1267 733
1267 815
1267 911
1267 971
1267 1171
1267 1223
1267 1324
1267 1335
1267 1338
1268 25
1268 39
1268 59
1268 119
1268 244
1268 259
1268 322
1268 365
1268 423
1268 476
1268 493
1268 621
1268 643
1268 713
1268 724
1268 785
1268 792
1268 878
1268 880
1268 972
1268 1085
1268 1102
1268 1109
1268 1120
1268 1166
1268 1245
1268 1261
1268 1314
1268 1338
1269 17
1269 107
1269 174
1269 201
1269 218
1269 337
1269 408
1269 547
1269 679
1269 699
1269 797
1269 858
1269 915
1269 1124
1269 1332
1269 1381
1269 1421
1269 1428
1269 1435
1270 75
1270 299
1270 357
1270 406
1270 525
1270 628
1270 729
1270 782
1270 887
1270 897
1270 939
1270 1021
1270 1077
1270 1103
1270 1174
1270 1189
1270 1233
1270 1259
1270 1280
1270 1364
1270 1392
1271 18
1271 38
1271 69
1271 70
1271 88
1271 149
1271 183
1271 224
1271 250
1271 258
1271 261
1271 266
1271 282
1271 286
1271 289
1271 308
1271 328
1271 353
1271 394
1271 461
1271 498
1271 502
1271 506
1271 507
1271 548
1271 568
1271 610
1271 615
1271 648
1271 677
1271 697
1271 706
1271 753
1271 755
1271 766
1271 771
1271 777
1271 809
1271 831
1271 845
1271 861
1271 875
1271 890
1271 924
1271 955
1271 986
1271 995
1271 1011
1271 1044
1271 1049
1271 1063
1271 1073
1271 1097
1271 1111
1271 1167
1271 1178
1271 1195
1271 1214
1271 1251
1271 1276
1271 1286
1271 1319
1271 1348
1271 1385
1271 1399
1271 1415
1273 4
1273 87
1273 196
1273 217
1273 250
1273 258
1273 274
1273 289
1273 321
1273 454
1273 466
1273 492
1273 597
1273 600
1273 641
1273 830
1273 841
1273 986
1273 1055
1273 1097
1273 1106
1273 1195
1273 1286
1273 1330
1273 1331
1273 1348
1273 1407
1273 1432
1274 16
1274 102
1274 180
1274 181
1274 211
1274 248
1274 260
1274 316
1274 341
1274 452
1274 495
1274 533
1274 559
1274 572
1274 613
1274 661
1274 688
1274 775
1274 782
1274 815
1274 911
1274 971
1274 977
1274 1026
1274 1039
1274 1084
1274 1092
1274 1098
1274 1134
1274 1185
1274 1225
1274 1228
1274 1324
1274 1332
1274 1338
1274 1358
1275 278
1275 539
1275 622
1275 694
1275 877
1275 1126
1275 1354
1276 289
1276 548
1276 995
1277 71
1277 128
1277 162
1277 196
1277 217
1277 250
1277 258
1277 289
1277 328
1277 420
1277 422
1277 454
1277 466
1277 641
1277 830
1277 986
1277 1055
1277 1195
1277 1273
1277 1284
1277 1296
1277 1331
1277 1399
1278 783
1278 886
1279 72
1279 114
1279 155
1279 373
1279 380
1279 462
1279 505
1279 666
1279 1007
1280 74
1280 113
1280 168
1280 180
1280 262
1280 295
1280 299
1280 300
1280 408
1280 462
1280 493
1280 497
1280 500
1280 537
1280 546
1280 559
1280 582
1280 606
1280 628
1280 711
1280 887
1280 1084
1280 1166
1280 1174
1280 1188
1280 1246
1280 1249
1280 1253
1280 1270
1280 1288
1280 1313
1280 1338
1280 1347
1280 1364
1280 1430
1282 95
1282 97
1282 253
1282 399
1282 588
1283 194
1283 383
1283 496
1283 529
1283 1101
1284 4
1284 140
1284 162
1284 217
1284 250
1284 289
1284 321
1284 328
1284 420
1284 422
1284 426
1284 454
1284 466
1284 641
1284 841
1284 1055
1284 1195
1284 1273
1284 1277
1284 1286
1284 1296
1284 1331
1284 1407
1284 1432
1285 147
1285 330
1285 389
1285 564
1285 653
1285 695
1285 803
1285 1093
1285 1193
1285 1235
1285 1240
1285 1328
1286 4
1286 18
1286 22
1286 27
1286 38
1286 49
1286 70
1286 71
1286 80
1286 88
1286 92
1286 128
1286 139
1286 140
1286 162
1286 196
1286 203
1286 217
1286 235
1286 249
1286 250
1286 258
1286 266
1286 274
1286 282
1286 286
1286 288
1286 289
1286 308
1286 321
1286 328
1286 353
1286 356
1286 394
1286 420
1286 422
1286 426
1286 445
1286 454
1286 465
1286 466
1286 481
1286 498
1286 506
1286 507
1286 517
1286 538
1286 558
1286 568
1286 580
1286 583
1286 600
1286 610
1286 648
1286 664
1286 677
1286 693
1286 697
1286 706
1286 753
1286 755
1286 766
1286 771
1286 777
1286 809
1286 828
1286 830
1286 831
1286 861
1286 875
1286 890
1286 955
1286 962
1286 980
1286 985
1286 986
1286 1001
1286 1011
1286 1031
1286 1049
1286 1055
1286 1063
1286 1065
1286 1073
1286 1083
1286 1097
1286 1106
1286 1122
1286 1167
1286 1175
1286 1178
1286 1195
1286 1210
1286 1214
1286 1251
1286 1271
1286 1273
1286 1277
1286 1284
1286 1296
1286 1319
1286 1330
1286 1331
1286 1348
1286 1385
1286 1399
1286 1415
1287 79
1287 88
1287 105
1287 127
1287 176
1287 190
1287 219
1287 250
1287 255
1287 258
1287 261
1287 283
1287 288
1287 394
1287 426
1287 454
1287 477
1287 486
1287 545
1287 576
1287 703
1287 710
1287 721
1287 762
1287 828
1287 831
1287 838
1287 959
1287 981
1287 986
1287 996
1287 1143
1287 1195
1287 1239
1287 1262
1287 1367
1287 1372
1288 299
1288 546
1288 628
1288 729
1288 782
1288 978
1288 1021
1288 1166
1288 1174
1288 1262
1288 1270
1288 1280
1288 1313
1288 1338
1289 206
1289 723
1290 118
1290 120
1290 172
1290 192
1290 221
1290 263
1290 715
1290 726
1290 736
1290 779
1290 788
1290 798
1290 994
1290 1041
1290 1123
1290 1252
1290 1305
1290 1317
1290 1361
1290 1382
1290 1398
1291 54
1291 1240
1291 1411
1291 1422
1292 30
1292 240
1292 410
1292 421
1292 447
1292 456
1292 468
1292 484
1292 563
1292 586
1292 637
1292 640
1292 827
1292 914
1292 1123
1292 1138
1292 1320
1292 1326
1293 44
1293 81
1293 123
1293 145
1293 184
1293 209
1293 234
1293 241
1293 332
1293 587
1293 635
1293 743
1293 805
1293 856
1293 917
1293 965
1293 993
1293 1043
1293 1054
1293 1095
1293 1149
1293 1199
1293 1238
1293 1352
1293 1366
1293 1400
1293 1437
1294 51
1294 272
1294 297
1294 336
1294 355
1294 382
1294 398
1294 404
1294 497
1294 608
1294 643
1294 673
1294 719
1294 734
1294 824
1294 838
1294 899
1294 1002
1294 1091
1294 1133
1294 1234
1294 1237
1294 1396
1294 1398
1295 311
1295 472
1295 554
1295 776
1295 825
1295 1069
1295 1443
1296 4
1296 22
1296 92
1296 127
1296 140
1296 162
1296 176
1296 196
1296 203
1296 217
1296 250
1296 254
1296 258
1296 274
1296 283
1296 284
1296 289
1296 321
1296 328
1296 361
1296 394
1296 420
1296 422
1296 454
1296 466
1296 477
1296 590
1296 600
1296 641
1296 648
1296 668
1296 697
1296 828
1296 830
1296 838
1296 841
1296 892
1296 930
1296 959
1296 962
1296 986
1296 1055
1296 1106
1296 1195
1296 1273
1296 1277
1296 1284
1296 1286
1296 1330
1296 1331
1296 1399
1296 1407
1296 1432
1297 223
1297 419
1297 488
1298 98
1298 161
1298 185
1298 211
1298 260
1298 316
1298 384
1298 440
1298 452
1298 487
1298 495
1298 566
1298 572
1298 643
1298 688
1298 729
1298 737
1298 744
1298 815
1298 916
1298 977
1298 1021
1298 1066
1298 1092
1298 1098
1298 1103
1298 1185
1298 1230
1298 1253
1298 1267
1298 1274
1298 1324
1298 1332
1298 1338
1299 55
1299 595
1299 803
1299 1132
1299 1145
1299 1315
1299 1327
1299 1398
1299 1438
1300 223
1300 250
1300 258
1300 358
1300 394
1300 442
1300 464
1300 488
1300 548
1300 597
1300 731
1300 964
1300 986
1300 1001
1300 1297
1301 28
1301 37
1301 58
1301 97
1301 122
1301 164
1301 165
1301 243
1301 344
1301 349
1301 397
1301 399
1301 407
1301 415
1301 416
1301 433
1301 439
1301 458
1301 480
1301 541
1301 549
1301 556
1301 564
1301 586
1301 607
1301 663
1301 794
1301 836
1301 958
1301 982
1301 1013
1301 1034
1301 1042
1301 1137
1301 1139
1301 1177
1301 1321
1301 1402
1303 20
1303 43
1303 62
1303 78
1303 83
1303 126
1303 147
1303 279
1303 410
1303 431
1303 467
1303 471
1303 474
1303 535
1303 543
1303 553
1303 650
1303 690
1303 691
1303 722
1303 750
1303 868
1303 927
1303 968
1303 969
1303 1056
1303 1100
1303 1130
1303 1141
1303 1346
1303 1347
1303 1373
1304 39
1304 429
1304 493
1304 741
1304 886
1305 120
1305 172
1305 192
1305 221
1305 263
1305 287
1305 334
1305 343
1305 410
1305 421
1305 715
1305 726
1305 736
1305 748
1305 779
1305 788
1305 798
1305 863
1305 994
1305 1041
1305 1123
1305 1154
1305 1156
1305 1248
1305 1252
1305 1290
1305 1317
1305 1361
1305 1382
1305 1398
1306 147
1306 1363
1307 244
1307 265
1307 366
1307 410
1307 443
1307 447
1307 468
1307 484
1307 626
1307 639
1307 823
1307 952
1307 1132
1307 1211
1307 1256
1307 1292
1307 1320
1307 1327
1308 90
1308 99
1308 102
1308 121
1308 168
1308 180
1308 185
1308 205
1308 231
1308 257
1308 294
1308 316
1308 347
1308 384
1308 387
1308 408
1308 425
1308 452
1308 474
1308 487
1308 495
1308 511
1308 533
1308 559
1308 566
1308 608
1308 613
1308 643
1308 666
1308 679
1308 682
1308 688
1308 707
1308 729
1308 737
1308 775
1308 782
1308 792
1308 815
1308 911
1308 916
1308 977
1308 1021
1308 1026
1308 1039
1308 1092
1308 1098
1308 1103
1308 1134
1308 1171
1308 1185
1308 1225
1308 1226
1308 1228
1308 1230
1308 1253
1308 1324
1308 1353
1308 1358
1308 1419
1309 65
1309 133
1309 180
1309 207
1309 259
1309 365
1309 423
1309 531
1309 713
1309 772
1309 782
1309 880
1309 911
1309 972
1309 1006
1309 1085
1309 1120
1309 1166
1309 1314
1309 1323
1309 1390
1310 147
1310 228
1310 230
1310 307
1310 338
1310 410
1310 431
1310 535
1310 543
1310 622
1310 749
1310 894
1310 909
1310 927
1310 968
1310 969
1310 1010
1310 1036
1310 1052
1310 1118
1310 1183
1310 1341
1310 1386
1312 171
1312 191
1312 429
1312 436
1312 446
1312 572
1312 760
1312 862
1312 961
1312 1061
1312 1260
1312 1390
1313 546
1313 628
1313 696
1313 782
1313 978
1313 1166
1313 1174
1314 65
1314 75
1314 119
1314 133
1314 180
1314 197
1314 218
1314 244
1314 259
1314 365
1314 531
1314 546
1314 614
1314 621
1314 643
1314 652
1314 666
1314 700
1314 713
1314 741
1314 767
1314 782
1314 785
1314 880
1314 972
1314 1006
1314 1085
1314 1102
1314 1109
1314 1120
1314 1128
1314 1166
1314 1245
1314 1309
1314 1323
1314 1338
1314 1390
1315 19
1315 55
1315 595
1315 803
1315 922
1315 970
1315 1132
1315 1145
1315 1299
1315 1327
1315 1398
1315 1438
1316 39
1316 72
1316 114
1316 155
1316 373
1316 380
1316 505
1316 589
1316 666
1316 1007
1316 1279
1316 1371
1316 1404
1317 118
1317 172
1317 192
1317 221
1317 263
1317 287
1317 421
1317 715
1317 736
1317 779
1317 788
1317 798
1317 1123
1317 1290
1317 1305
1317 1361
1317 1382
1317 1398
1317 1433
1319 38
1319 71
1319 80
1319 88
1319 139
1319 140
1319 149
1319 162
1319 183
1319 196
1319 224
1319 258
1319 261
1319 282
1319 286
1319 289
1319 308
1319 328
1319 361
1319 394
1319 422
1319 492
1319 498
1319 506
1319 507
1319 517
1319 568
1319 590
1319 597
1319 610
1319 615
1319 648
1319 664
1319 697
1319 755
1319 771
1319 777
1319 955
1319 986
1319 1011
1319 1049
1319 1073
1319 1097
1319 1111
1319 1195
1319 1210
1319 1214
1319 1271
1319 1286
1319 1296
1319 1331
1319 1348
1319 1385
1319 1399
1319 1415
1320 30
1320 84
1320 150
1320 170
1320 201
1320 240
1320 244
1320 263
1320 265
1320 366
1320 410
1320 421
1320 443
1320 447
1320 456
1320 468
1320 484
1320 563
1320 586
1320 637
1320 823
1320 827
1320 848
1320 914
1320 943
1320 952
1320 997
1320 1123
1320 1138
1320 1211
1320 1256
1320 1263
1320 1292
1320 1307
1320 1326
1320 1327
1320 1337
1320 1343
1320 1359
1320 1388
1320 1416
1320 1433
1321 37
1321 125
1321 173
1321 198
1321 243
1321 269
1321 346
1321 397
1321 416
1321 501
1321 549
1321 556
1321 774
1321 982
1321 1034
1321 1186
1321 1368
1322 142
1322 169
1322 185
1322 259
1322 267
1322 519
1322 592
1322 724
1322 782
1322 880
1322 884
1322 1070
1322 1182
1322 1215
1322 1342
1323 119
1323 133
1323 136
1323 180
1323 193
1323 259
1323 365
1323 457
1323 476
1323 485
1323 493
1323 531
1323 621
1323 652
1323 704
1323 713
1323 767
1323 880
1323 972
1323 1006
1323 1029
1323 1085
1323 1221
1323 1245
1323 1261
1323 1309
1323 1314
1323 1377
1323 1390
1324 39
1324 60
1324 90
1324 99
1324 102
1324 121
1324 161
1324 168
1324 181
1324 201
1324 211
1324 231
1324 257
1324 294
1324 316
1324 387
1324 408
1324 425
1324 474
1324 487
1324 511
1324 524
1324 533
1324 559
1324 566
1324 572
1324 608
1324 613
1324 643
1324 661
1324 666
1324 679
1324 682
1324 688
1324 729
1324 737
1324 792
1324 808
1324 911
1324 916
1324 977
1324 1026
1324 1084
1324 1092
1324 1098
1324 1134
1324 1161
1324 1171
1324 1185
1324 1189
1324 1223
1324 1229
1324 1230
1324 1245
1324 1274
1324 1298
1324 1308
1324 1338
1324 1353
1324 1358
1324 1381
1324 1419
1325 75
1325 186
1325 299
1325 357
1325 406
1325 500
1325 525
1325 577
1325 729
1325 775
1325 782
1325 857
1325 887
1325 897
1325 939
1325 978
1325 1079
1325 1103
1325 1174
1325 1184
1325 1270
1326 30
1326 84
1326 170
1326 240
1326 410
1326 447
1326 456
1326 468
1326 484
1326 586
1326 640
1326 914
1326 920
1326 943
1326 1123
1326 1138
1326 1292
1326 1320
1326 1388
1327 55
1327 263
1327 366
1327 443
1327 595
1327 626
1327 803
1327 823
1327 952
1327 970
1327 1132
1327 1256
1327 1299
1327 1315
1327 1343
1327 1398
1327 1438
1328 55
1328 147
1328 389
1328 564
1328 695
1328 803
1328 1034
1328 1093
1328 1193
1328 1285
1329 548
1329 550
1329 986
1329 1153
1329 1396
1330 4
1330 22
1330 87
1330 128
1330 162
1330 196
1330 203
1330 217
1330 219
1330 250
1330 258
1330 274
1330 288
1330 289
1330 321
1330 394
1330 420
1330 422
1330 426
1330 454
1330 466
1330 538
1330 590
1330 600
1330 648
1330 697
1330 830
1330 841
1330 986
1330 1055
1330 1106
1330 1195
1330 1277
1330 1284
1330 1286
1330 1296
1330 1331
1330 1348
1330 1399
1330 1407
1330 1432
1331 4
1331 92
1331 162
1331 196
1331 217
1331 250
1331 274
1331 321
1331 420
1331 422
1331 454
1331 641
1331 830
1331 841
1331 1106
1331 1195
1331 1273
1331 1277
1331 1284
1331 1286
1331 1296
1331 1330
1331 1348
1331 1407
1331 1432
1332 17
1332 99
1332 100
1332 106
1332 161
1332 168
1332 174
1332 185
1332 201
1332 211
1332 231
1332 248
1332 257
1332 316
1332 337
1332 384
1332 425
1332 474
1332 495
1332 559
1332 572
1332 661
1332 679
1332 699
1332 707
1332 858
1332 977
1332 1021
1332 1092
1332 1098
1332 1171
1332 1185
1332 1230
1332 1269
1332 1298
1332 1308
1332 1335
1332 1338
1332 1358
1332 1381
1332 1419
1332 1421
1332 1428
1332 1435
1333 11
1333 622
1334 167
1334 521
1334 853
1335 106
1335 205
1335 231
1335 257
1335 347
1335 425
1335 572
1335 608
1335 679
1335 744
1335 815
1335 911
1335 1026
1335 1092
1335 1308
1335 1338
1336 9
1336 57
1336 317
1336 467
1336 496
1336 497
1336 624
1336 660
1336 1101
1336 1398
1336 1405
1336 1406
1336 1429
1337 7
1337 56
1337 64
1337 84
1337 150
1337 210
1337 290
1337 586
1337 642
1337 823
1337 848
1337 922
1337 1320
1337 1388
1337 1417
1338 8
1338 21
1338 23
1338 25
1338 59
1338 60
1338 65
1338 75
1338 94
1338 99
1338 102
1338 106
1338 119
1338 155
1338 161
1338 180
1338 187
1338 197
1338 207
1338 218
1338 231
1338 238
1338 257
1338 259
1338 299
1338 316
1338 322
1338 365
1338 367
1338 384
1338 387
1338 401
1338 402
1338 406
1338 408
1338 423
1338 425
1338 440
1338 452
1338 474
1338 487
1338 493
1338 494
1338 495
1338 515
1338 531
1338 533
1338 546
1338 555
1338 566
1338 572
1338 599
1338 608
1338 614
1338 621
1338 628
1338 643
1338 646
1338 652
1338 661
1338 666
1338 679
1338 682
1338 688
1338 696
1338 704
1338 713
1338 724
1338 729
1338 741
1338 772
1338 775
1338 782
1338 785
1338 792
1338 815
1338 878
1338 880
1338 887
1338 902
1338 903
1338 911
1338 919
1338 967
1338 973
1338 978
1338 1006
1338 1021
1338 1026
1338 1066
1338 1084
1338 1085
1338 1092
1338 1098
1338 1102
1338 1103
1338 1109
1338 1120
1338 1157
1338 1166
1338 1170
1338 1171
1338 1174
1338 1185
1338 1220
1338 1221
1338 1230
1338 1236
1338 1245
1338 1261
1338 1280
1338 1288
1338 1298
1338 1308
1338 1309
1338 1313
1338 1314
1338 1323
1338 1324
1338 1325
1338 1332
1338 1335
1338 1353
1338 1357
1338 1358
1338 1364
1338 1381
1338 1397
1338 1419
1339 789
1340 277
1340 575
1340 595
1340 768
1340 1412
1341 68
1341 126
1341 147
1341 273
1341 279
1341 338
1341 374
1341 410
1341 431
1341 483
1341 535
1341 650
1341 690
1341 784
1341 832
1341 854
1341 872
1341 913
1341 925
1341 927
1341 1010
1341 1022
1341 1036
1341 1052
1341 1130
1341 1241
1341 1310
1341 1350
1341 1386
1341 1440
1342 2
1342 110
1342 180
1342 185
1342 312
1342 453
1342 569
1342 643
1342 685
1342 720
1342 727
1342 741
1342 782
1342 1070
1342 1090
1342 1112
1342 1182
1343 201
1343 244
1343 263
1343 443
1343 639
1343 823
1343 952
1343 1256
1343 1307
1343 1320
1343 1327
1344 112
1344 230
1344 447
1344 496
1344 528
1344 642
1344 1140
1344 1241
1345 140
1345 1073
1346 62
1346 68
1346 89
1346 225
1346 237
1346 279
1346 301
1346 307
1346 409
1346 410
1346 467
1346 471
1346 474
1346 535
1346 552
1346 564
1346 639
1346 650
1346 690
1346 691
1346 738
1346 750
1346 757
1346 779
1346 784
1346 816
1346 832
1346 843
1346 872
1346 925
1346 975
1346 976
1346 1020
1346 1022
1346 1052
1346 1056
1346 1118
1346 1130
1346 1183
1346 1347
1347 78
1347 83
1347 126
1347 147
1347 168
1347 225
1347 233
1347 243
1347 279
1347 301
1347 374
1347 418
1347 431
1347 432
1347 462
1347 471
1347 493
1347 497
1347 535
1347 537
1347 543
1347 552
1347 553
1347 559
1347 595
1347 606
1347 614
1347 622
1347 650
1347 666
1347 690
1347 722
1347 738
1347 763
1347 784
1347 816
1347 832
1347 872
1347 901
1347 913
1347 976
1347 1020
1347 1100
1347 1141
1347 1183
1347 1185
1347 1247
1347 1249
1347 1253
1347 1350
1347 1373
1347 1440
1348 14
1348 18
1348 22
1348 38
1348 49
1348 70
1348 71
1348 80
1348 88
1348 139
1348 140
1348 183
1348 196
1348 203
1348 217
1348 235
1348 249
1348 250
1348 254
1348 258
1348 266
1348 274
1348 282
1348 286
1348 288
1348 289
1348 308
1348 328
1348 356
1348 361
1348 394
1348 454
1348 465
1348 481
1348 498
1348 502
1348 506
1348 558
1348 568
1348 580
1348 590
1348 597
1348 600
1348 603
1348 610
1348 648
1348 664
1348 677
1348 693
1348 697
1348 706
1348 746
1348 753
1348 755
1348 777
1348 828
1348 830
1348 831
1348 841
1348 861
1348 875
1348 962
1348 985
1348 986
1348 1001
1348 1011
1348 1031
1348 1049
1348 1055
1348 1063
1348 1065
1348 1073
1348 1083
1348 1097
1348 1111
1348 1122
1348 1167
1348 1178
1348 1195
1348 1196
1348 1210
1348 1214
1348 1271
1348 1284
1348 1286
1348 1319
1348 1399
1348 1407
1348 1415
1349 659
1349 735
1349 1240
1350 68
1350 147
1350 228
1350 279
1350 401
1350 431
1350 471
1350 474
1350 535
1350 540
1350 543
1350 595
1350 670
1350 690
1350 691
1350 779
1350 784
1350 816
1350 832
1350 868
1350 894
1350 909
1350 925
1350 969
1350 975
1350 1022
1350 1028
1350 1100
1350 1118
1350 1150
1350 1266
1350 1386
1350 1440
1351 97
1351 165
1351 216
1351 229
1351 270
1351 662
1351 791
1351 836
1351 940
1351 945
1351 999
1351 1137
1351 1139
1351 1301
1351 1437
1352 44
1352 81
1352 123
1352 184
1352 209
1352 332
1352 743
1352 805
1352 856
1352 917
1352 965
1352 1043
1352 1149
1352 1199
1352 1293
1352 1366
1352 1400
1352 1437
1353 39
1353 60
1353 90
1353 94
1353 99
1353 114
1353 121
1353 161
1353 171
1353 187
1353 201
1353 205
1353 231
1353 238
1353 294
1353 340
1353 348
1353 425
1353 474
1353 515
1353 527
1353 572
1353 599
1353 608
1353 613
1353 632
1353 643
1353 646
1353 666
1353 688
1353 689
1353 729
1353 737
1353 847
1353 902
1353 916
1353 919
1353 967
1353 971
1353 1021
1353 1026
1353 1038
1353 1084
1353 1171
1353 1189
1353 1223
1353 1253
1353 1308
1353 1324
1353 1332
1353 1335
1353 1338
1353 1381
1353 1419
1354 278
1354 441
1354 491
1354 539
1354 622
1354 694
1354 877
1354 1101
1354 1126
1354 1152
1354 1275
1355 104
1355 147
1355 166
1355 200
1355 245
1355 352
1355 709
1355 717
1355 837
1355 898
1355 987
1355 1190
1355 1248
1355 1427
1356 11
1356 447
1356 1164
1357 60
1357 94
1357 114
1357 134
1357 155
1357 180
1357 213
1357 238
1357 348
1357 401
1357 474
1357 527
1357 555
1357 632
1357 646
1357 666
1357 689
1357 817
1357 832
1357 902
1357 919
1357 932
1357 967
1357 1253
1357 1353
1358 16
1358 39
1358 60
1358 98
1358 121
1358 161
1358 181
1358 185
1358 201
1358 211
1358 231
1358 260
1358 316
1358 341
1358 347
1358 384
1358 387
1358 402
1358 408
1358 425
1358 440
1358 487
1358 495
1358 511
1358 533
1358 559
1358 566
1358 572
1358 608
1358 613
1358 666
1358 679
1358 682
1358 688
1358 696
1358 707
1358 729
1358 737
1358 775
1358 782
1358 792
1358 808
1358 815
1358 911
1358 916
1358 971
1358 977
1358 1021
1358 1026
1358 1039
1358 1066
1358 1084
1358 1092
1358 1098
1358 1134
1358 1171
1358 1185
1358 1189
1358 1226
1358 1230
1358 1253
1358 1298
1358 1308
1358 1324
1358 1332
1358 1338
1358 1353
1358 1419
1359 84
1359 210
1359 240
1359 410
1359 447
1359 468
1359 563
1359 586
1359 640
1359 827
1359 914
1359 1123
1359 1138
1359 1263
1359 1292
1359 1320
1359 1416
1360 4
1360 51
1360 272
1360 336
1360 355
1360 398
1360 497
1360 608
1360 643
1360 719
1360 838
1360 1133
1360 1234
1360 1237
1360 1294
1360 1398
1361 192
1361 221
1361 287
1361 470
1361 543
1361 551
1361 736
1361 798
1361 811
1361 994
1361 1041
1361 1290
1361 1305
1362 112
1362 148
1362 230
1362 447
1362 528
1362 642
1362 726
1362 1002
1362 1344
1363 147
1363 807
1363 942
1363 1129
1363 1151
1363 1306
1363 1410
1363 1413
1364 186
1364 299
1364 406
1364 546
1364 628
1364 887
1364 1021
1364 1103
1364 1166
1364 1174
1364 1280
1364 1288
1364 1325
1364 1338
1366 44
1366 81
1366 153
1366 234
1366 332
1366 399
1366 518
1366 587
1366 635
1366 678
1366 743
1366 805
1366 965
1366 1054
1366 1095
1366 1238
1366 1400
1366 1437
1367 1
1367 79
1367 105
1367 140
1367 190
1367 250
1367 258
1367 289
1367 394
1367 545
1367 693
1367 703
1367 710
1367 762
1367 838
1367 959
1367 986
1367 1143
1367 1195
1368 122
1368 125
1368 198
1368 243
1368 311
1368 346
1368 415
1368 501
1368 512
1368 549
1368 556
1368 593
1368 756
1368 774
1368 958
1368 1003
1368 1034
1368 1186
1368 1206
1368 1217
1368 1401
1368 1402
1369 11
1369 620
1370 135
1370 245
1370 459
1370 616
1370 791
1370 1113
1371 72
1371 114
1371 155
1371 373
1371 380
1371 462
1371 505
1371 589
1371 666
1371 1279
1371 1404
1372 79
1372 258
1372 454
1372 477
1372 486
1372 693
1372 721
1372 838
1372 981
1372 986
1372 1081
1372 1195
1372 1287
1373 126
1373 147
1373 301
1373 307
1373 401
1373 431
1373 432
1373 471
1373 639
1373 650
1373 690
1373 722
1373 913
1373 928
1373 968
1373 1010
1373 1020
1373 1022
1373 1028
1373 1052
1373 1056
1373 1100
1373 1130
1373 1141
1373 1183
1373 1247
1373 1346
1373 1347
1374 4
1374 51
1374 168
1374 252
1374 297
1374 336
1374 404
1374 497
1374 643
1374 824
1374 899
1374 1091
1374 1237
1374 1294
1374 1396
1374 1398
1375 151
1375 546
1375 816
1375 1408
1376 23
1376 114
1376 134
1376 155
1376 180
1376 238
1376 246
1376 323
1376 340
1376 348
1376 474
1376 527
1376 632
1376 646
1376 688
1376 689
1376 780
1376 817
1376 832
1376 847
1376 902
1376 914
1376 932
1376 1185
1376 1357
1377 136
1377 193
1377 457
1377 485
1377 1029
1377 1323
1378 39
1378 429
1378 493
1378 741
1378 886
1378 1304
1379 0
1379 101
1379 147
1379 182
1379 456
1379 868
1379 884
1379 1155
1379 1224
1379 1398
1380 50
1380 202
1380 221
1380 400
1380 1067
1381 17
1381 60
1381 90
1381 99
1381 100
1381 106
1381 107
1381 142
1381 161
1381 174
1381 185
1381 205
1381 218
1381 231
1381 294
1381 316
1381 341
1381 408
1381 425
1381 440
1381 487
1381 547
1381 569
1381 572
1381 592
1381 613
1381 666
1381 679
1381 688
1381 696
1381 707
1381 733
1381 775
1381 782
1381 797
1381 858
1381 884
1381 915
1381 916
1381 977
1381 1019
1381 1026
1381 1066
1381 1070
1381 1098
1381 1103
1381 1124
1381 1171
1381 1182
1381 1185
1381 1189
1381 1226
1381 1267
1381 1269
1381 1324
1381 1332
1381 1338
1381 1342
1381 1353
1381 1419
1381 1421
1381 1428
1381 1435
1382 118
1382 120
1382 172
1382 192
1382 221
1382 263
1382 287
1382 421
1382 715
1382 736
1382 779
1382 788
1382 1123
1382 1317
1382 1361
1382 1398
1385 69
1385 149
1385 183
1385 212
1385 224
1385 250
1385 258
1385 261
1385 289
1385 328
1385 498
1385 506
1385 507
1385 615
1385 697
1385 703
1385 742
1385 771
1385 861
1385 890
1385 955
1385 963
1385 986
1385 1044
1385 1049
1385 1097
1385 1195
1385 1214
1385 1271
1385 1286
1385 1319
1385 1441
1386 62
1386 147
1386 225
1386 230
1386 273
1386 279
1386 338
1386 410
1386 432
1386 471
1386 474
1386 535
1386 543
1386 595
1386 650
1386 669
1386 670
1386 690
1386 749
1386 779
1386 816
1386 832
1386 843
1386 909
1386 925
1386 927
1386 928
1386 969
1386 975
1386 1022
1386 1028
1386 1036
1386 1056
1386 1116
1386 1130
1386 1150
1386 1303
1386 1346
1386 1350
1386 1373
1388 0
1388 4
1388 30
1388 84
1388 101
1388 147
1388 150
1388 182
1388 410
1388 447
1388 456
1388 468
1388 484
1388 563
1388 586
1388 640
1388 823
1388 827
1388 848
1388 868
1388 914
1388 943
1388 997
1388 1123
1388 1138
1388 1155
1388 1211
1388 1224
1388 1307
1388 1320
1388 1379
1388 1398
1389 447
1389 639
1389 717
1389 1091
1390 65
1390 119
1390 133
1390 171
1390 180
1390 191
1390 259
1390 365
1390 429
1390 436
1390 446
1390 493
1390 531
1390 572
1390 614
1390 621
1390 700
1390 713
1390 741
1390 760
1390 767
1390 792
1390 862
1390 880
1390 911
1390 961
1390 972
1390 1006
1390 1061
1390 1085
1390 1109
1390 1120
1390 1166
1390 1189
1390 1245
1390 1260
1390 1309
1390 1312
1390 1314
1390 1323
1390 1338
1391 97
1391 447
1391 585
1391 595
1391 726
1391 796
1391 922
1391 966
1391 1172
1391 1241
1392 75
1392 406
1392 525
1392 546
1392 775
1392 782
1392 857
1392 887
1392 897
1392 978
1392 1079
1392 1103
1392 1166
1392 1174
1392 1233
1392 1270
1392 1280
1392 1288
1392 1313
1392 1364
1393 7
1393 327
1393 354
1393 1069
1393 1240
1394 1158
1394 1240
1394 1422
1395 509
1395 762
1395 986
1395 1027
1395 1218
1395 1239
1396 4
1396 51
1396 168
1396 297
1396 336
1396 404
1396 497
1396 548
1396 550
1396 643
1396 719
1396 1091
1396 1133
1396 1153
1396 1237
1396 1329
1396 1374
1396 1398
1397 8
1397 21
1397 180
1397 341
1397 393
1397 524
1397 643
1397 666
1397 903
1397 973
1397 1103
1397 1170
1397 1220
1397 1236
1397 1338
1398 0
1398 4
1398 19
1398 47
1398 51
1398 55
1398 63
1398 101
1398 118
1398 147
1398 168
1398 172
1398 182
1398 192
1398 221
1398 252
1398 263
1398 287
1398 336
1398 398
1398 404
1398 467
1398 497
1398 595
1398 599
1398 608
1398 643
1398 650
1398 705
1398 715
1398 734
1398 736
1398 784
1398 788
1398 803
1398 868
1398 881
1398 884
1398 922
1398 994
1398 1002
1398 1041
1398 1091
1398 1101
1398 1132
1398 1155
1398 1211
1398 1224
1398 1237
1398 1290
1398 1294
1398 1299
1398 1305
1398 1315
1398 1317
1398 1327
1398 1336
1398 1361
1398 1405
1398 1438
1399 22
1399 71
1399 88
1399 217
1399 250
1399 286
1399 289
1399 308
1399 328
1399 506
1399 600
1399 610
1399 648
1399 697
1399 755
1399 777
1399 830
1399 861
1399 986
1399 1011
1399 1055
1399 1073
1399 1097
1399 1178
1399 1195
1399 1210
1399 1271
1399 1286
1399 1319
1399 1330
1399 1348
1400 44
1400 81
1400 123
1400 145
1400 153
1400 184
1400 209
1400 234
1400 241
1400 332
1400 399
1400 518
1400 587
1400 635
1400 678
1400 743
1400 805
1400 856
1400 917
1400 965
1400 1043
1400 1054
1400 1149
1400 1199
1400 1293
1400 1352
1400 1437
1401 37
1401 58
1401 122
1401 311
1401 407
1401 410
1401 501
1401 512
1401 556
1401 593
1401 633
1401 756
1401 774
1401 958
1401 1003
1401 1013
1401 1067
1401 1186
1401 1217
1401 1402
1402 28
1402 46
1402 58
1402 122
1402 165
1402 173
1402 198
1402 243
1402 269
1402 311
1402 346
1402 349
1402 407
1402 410
1402 415
1402 501
1402 512
1402 541
1402 556
1402 564
1402 586
1402 593
1402 663
1402 671
1402 756
1402 764
1402 774
1402 796
1402 937
1402 982
1402 1003
1402 1034
1402 1117
1402 1177
1402 1186
1402 1217
1402 1301
1402 1368
1402 1401
1402 1414
1403 543
1403 807
1404 72
1404 114
1404 155
1404 373
1404 380
1404 505
1404 589
1404 666
1404 1279
1404 1316
1404 1371
1405 47
1405 63
1405 467
1405 496
1405 599
1405 642
1405 784
1405 922
1405 1041
1405 1101
1405 1336
1405 1398
1406 9
1406 57
1406 317
1406 497
1406 624
1406 660
1406 1336
1406 1429
1407 128
1407 140
1407 162
1407 196
1407 203
1407 217
1407 219
1407 250
1407 258
1407 274
1407 289
1407 321
1407 328
1407 394
1407 420
1407 466
1407 641
1407 830
1407 841
1407 1106
1407 1195
1407 1273
1407 1284
1407 1286
1407 1432
1408 151
1408 350
1408 546
1408 816
1408 1375
1409 42
1409 104
1409 147
1409 200
1409 333
1409 352
1409 410
1409 467
1409 513
1409 598
1409 634
1409 740
1409 837
1409 1004
1409 1190
1409 1355
1409 1413
1409 1427
1410 807
1410 1129
1411 54
1411 1240
1411 1291
1411 1422
1412 277
1412 595
1412 768
1412 1340
1413 26
1413 42
1413 104
1413 132
1413 147
1413 166
1413 200
1413 245
1413 253
1413 263
1413 264
1413 298
1413 305
1413 327
1413 333
1413 343
1413 352
1413 362
1413 409
1413 410
1413 490
1413 513
1413 522
1413 539
1413 598
1413 634
1413 639
1413 674
1413 709
1413 717
1413 726
1413 740
1413 837
1413 851
1413 895
1413 898
1413 906
1413 944
1413 987
1413 992
1413 1004
1413 1086
1413 1151
1413 1169
1413 1176
1413 1190
1413 1216
1413 1240
1413 1248
1413 1355
1413 1363
1413 1409
1413 1427
1413 1447
1414 28
1414 37
1414 46
1414 58
1414 164
1414 165
1414 349
1414 397
1414 410
1414 416
1414 501
1414 541
1414 549
1414 564
1414 663
1414 671
1414 1068
1414 1117
1414 1177
1414 1186
1414 1401
1414 1402
1415 38
1415 80
1415 266
1415 394
1415 502
1415 568
1415 664
1415 753
1415 755
1415 777
1415 861
1415 1195
1415 1286
1415 1319
1416 170
1416 240
1416 410
1416 421
1416 447
1416 468
1416 563
1416 586
1416 637
1416 640
1416 914
1416 943
1416 997
1416 1211
1416 1263
1416 1292
1416 1320
1416 1326
1416 1359
1417 7
1417 56
1417 290
1417 586
1417 642
1417 922
1417 1091
1418 289
1418 426
1418 609
1418 986
1418 991
1418 1047
1418 1239
1419 60
1419 90
1419 260
1419 294
1419 316
1419 347
1419 384
1419 387
1419 440
1419 474
1419 495
1419 608
1419 643
1419 679
1419 682
1419 729
1419 737
1419 815
1419 971
1419 977
1419 1021
1419 1026
1419 1225
1419 1267
1419 1308
1419 1324
1419 1332
1419 1353
1420 194
1420 455
1420 496
1421 17
1421 174
1421 187
1421 201
1421 218
1421 337
1421 408
1421 679
1421 699
1421 816
1421 858
1421 878
1421 915
1421 1026
1421 1269
1421 1332
1421 1428
1422 19
1422 54
1422 263
1422 343
1422 456
1422 532
1422 622
1422 708
1422 868
1422 926
1422 1158
1422 1240
1422 1291
1422 1315
1422 1394
1422 1398
1422 1411
1423 880
1424 638
1424 642
1425 334
1425 1000
1426 181
1426 242
1426 485
1426 921
1427 42
1427 104
1427 147
1427 166
1427 200
1427 245
1427 333
1427 352
1427 362
1427 467
1427 598
1427 634
1427 639
1427 709
1427 740
1427 837
1427 898
1427 944
1427 987
1427 992
1427 1004
1427 1086
1427 1169
1427 1190
1427 1248
1427 1355
1427 1409
1427 1413
1428 17
1428 174
1428 201
1428 304
1428 337
1428 408
1428 679
1428 699
1428 797
1428 842
1428 858
1428 886
1428 1269
1428 1332
1429 9
1429 57
1429 317
1429 497
1429 660
1429 1336
1429 1406
1430 113
1430 233
1430 418
1430 462
1430 493
1430 497
1430 559
1430 606
1430 1188
1430 1249
1430 1253
1430 1347
1432 4
1432 22
1432 87
1432 128
1432 140
1432 203
1432 217
1432 219
1432 254
1432 258
1432 274
1432 288
1432 289
1432 328
1432 394
1432 466
1432 492
1432 538
1432 597
1432 641
1432 648
1432 830
1432 841
1432 986
1432 1055
1432 1097
1432 1195
1432 1296
1432 1319
1432 1330
1432 1407
1433 45
1433 118
1433 120
1433 192
1433 201
1433 244
1433 263
1433 366
1433 368
1433 421
1433 443
1433 539
1433 543
1433 626
1433 630
1433 639
1433 715
1433 726
1433 736
1433 788
1433 823
1433 952
1433 994
1433 1004
1433 1009
1433 1041
1433 1123
1433 1187
1433 1191
1433 1252
1433 1256
1433 1290
1433 1305
1433 1320
1433 1327
1433 1343
1434 74
1434 168
1434 214
1434 262
1434 300
1434 408
1434 418
1434 497
1434 537
1434 606
1434 614
1434 666
1434 801
1434 1185
1434 1249
1434 1253
1434 1280
1434 1347
1434 1430
1435 100
1435 107
1435 218
1435 337
1435 408
1435 547
1435 679
1435 699
1435 797
1435 858
1435 915
1435 1019
1435 1026
1435 1124
1435 1269
1435 1332
1435 1428
1436 369
1436 1140
1437 44
1437 123
1437 153
1437 184
1437 209
1437 216
1437 229
1437 234
1437 241
1437 270
1437 395
1437 399
1437 518
1437 526
1437 587
1437 602
1437 635
1437 662
1437 678
1437 743
1437 791
1437 794
1437 805
1437 856
1437 866
1437 917
1437 945
1437 950
1437 953
1437 954
1437 965
1437 999
1437 1042
1437 1054
1437 1062
1437 1095
1437 1110
1437 1199
1437 1238
1437 1293
1437 1352
1437 1366
1437 1400
1438 55
1438 595
1438 803
1438 922
1438 970
1438 1132
1438 1145
1438 1299
1438 1315
1438 1327
1438 1398
1439 23
1439 116
1439 957
1440 68
1440 78
1440 97
1440 243
1440 273
1440 279
1440 307
1440 338
1440 374
1440 401
1440 410
1440 540
1440 543
1440 552
1440 595
1440 650
1440 690
1440 763
1440 784
1440 843
1440 854
1440 868
1440 968
1440 976
1440 1022
1440 1028
1440 1056
1440 1116
1440 1150
1440 1183
1441 212
1441 250
1441 258
1441 697
1441 703
1441 742
1441 861
1441 963
1441 1097
1441 1385
1442 3
1442 114
1442 136
1442 187
1442 391
1442 666
1442 704
1442 1059
1442 1189
1443 472
1443 554
1443 776
1443 825
1443 1058
1443 1069
1443 1295
1444 178
1444 437
1444 575
1444 650
1444 701
1444 717
1444 990
1444 1099
1445 543
1445 584
1445 639
1445 952
1445 1104
1446 61
1446 153
1446 227
1446 368
1446 1002
1446 1094
1447 147
1447 253
1447 263
1447 264
1447 305
1447 327
1447 374
1447 456
1447 490
1447 522
1447 639
1447 895
1447 1072
